Id,NAME,ADDRESS,CITY,STATE,ZIP,PHONE,UTILIZATION
9eb5bce7-4f23-31ca-b2c3-336d34198ed3,ALBANY MEMORIAL HOSPITAL,600 NORTHERN BOULEVARD,ALBANY,NY,12204,5184713490,5839
5ff247c8-5951-3707-935c-a87444ebd47b,HEALTHALLIANCE HOSPITAL BROADWAY CAMPUS,396 BROADWAY,KINGSTON,NY,12401,9143313131,2146
97640f80-f706-3f2d-8da6-1106b36f0eec,KALEIDA HEALTH,726 EXCHANGE STREET  SUITE 522,BUFFALO,NY,14210,7168598620,16557
fcd5df52-c1a8-3110-873e-64a32a0dd0bb,ST JOSEPH'S MEDICAL CENTER,127 SOUTH BROADWAY,YONKERS,NY,10701,9143787000,18877
b0586c8f-3aac-3406-b7f4-c53784a34572,WYOMING COUNTY COMMUNITY HOSPITAL,400 NORTH MAIN STREET,WARSAW,NY,14569,5857862233,4126
c034006f-d67e-3fea-a821-33e076e9c23d,OUR LADY OF LOURDES MEMORIAL HOSPITAL  INC,169 RIVERSIDE DRIVE,BINGHAMTON,NY,13905,6077985111,11886
fcbbab4a-5daa-3697-98db-19f3629463ee,ALBANY MEDICAL CENTER HOSPITAL,43 NEW SCOTLAND AVENUE  MAIL CODE 34,ALBANY,NY,12208,5182623000,2480
36e398f3-cf38-360f-adf0-ffc2a82c77e2,JAMAICA HOSPITAL MEDICAL CENTER,89TH AVENUE AND VAN WYCK EXPRESSWAY,JAMAICA,NY,11418,7182626000,3032
f209c003-bb38-3d3d-96f5-c3de8db63715,VASSAR BROTHERS MEDICAL CENTER,45 READE PLACE,POUGHKEEPSIE,NY,12601,8454548500,15284
a9efa3d7-8a61-3bee-bb66-68a645df4f47,MOUNT SINAI HOSPITAL,ONE GUSTAVE L LEVY PLACE,NEW YORK,NY,10029,2122417981,2855
a0b5365b-a837-3e16-910a-ff6e0832be59,NASSAU UNIVERSITY MEDICAL CENTER,2201 HEMPSTEAD TURNPIKE,EAST MEADOW,NY,11554,5165720123,2501
6d1508ec-ceef-3e36-ba87-7ec3aef0707e,NEWARK-WAYNE COMMUNITY HOSPITAL,111 DRIVING PARK AVENUE,NEWARK,NY,14513,3153322022,8137
f840e1ac-e130-36db-a828-d52221d2bb94,CHENANGO MEMORIAL HOSPITAL  INC,179 NORTH BROAD STREET,NORWICH,NY,13815,6073354111,1629
644aad40-b292-34a6-a26a-39a0b4b79a98,FAXTON-ST LUKE'S HEALTHCARE,1656 CHAMPLIN AVENUE,UTICA,NY,13503,3157986000,4564
50434123-7309-3024-beff-045cb68bf87f,HUNTINGTON HOSPITAL,270 PARK AVENUE,HUNTINGTON,NY,11743,6313512000,703
3a4177c5-16ee-3c0b-9788-6b6fd9fe0f37,MOUNT SINAI WEST,1000 TENTH AVENUE,NEW YORK,NY,10019,2125234000,3657
451a9abb-6ea5-3fa2-912c-9d5ecd22623c,ST MARY'S HOSPITAL AT AMSTERDAM,427 GUY PARK AVENUE,AMSTERDAM,NY,12010,5188417101,2490
0fb2e095-d284-36d3-bb0f-e245d69369cd,NORTHERN DUTCHESS HOSPITAL,6511 SPRINGBROOK AVENUE,RHINEBECK,NY,12572,8458713391,5874
4435d57a-63f1-3770-9967-e65759fafae8,NEW YORK-PRESBYTERIAN/QUEENS,56-45 MAIN STREET,FLUSHING,NY,11355,7186702000,2422
cebc05f7-88ba-373e-9de1-daf92aa6202c,ST PETER'S HOSPITAL,315 SOUTH MANNING BOULEVARD,ALBANY,NY,12208,5185251550,4371
0df03e6e-c5de-3d1e-ae78-07e198691c18,GENEVA GENERAL HOSPITAL,196 -198 NORTH STREET,GENEVA,NY,14456,3157874175,213
548eb756-21c5-37a0-8458-6fdca30f6b04,MONTEFIORE MEDICAL CENTER,111 EAST 210TH STREET,BRONX,NY,10467,7189204321,80
fd588fee-9201-338e-b1a4-3117c81d4905,LAWRENCE HOSPITAL CENTER,55 PALMER AVENUE,BRONXVILLE,NY,10708,9147871000,13
3e387a7c-0358-3116-9981-1086bbbf00a9,NIAGARA FALLS MEMORIAL MEDICAL CENTER,621 TENTH STREET,NIAGARA FALLS,NY,14302,7162784000,21905
ec376a08-efaa-336b-8eca-c86565ee1f97,UNITED MEMORIAL MEDICAL CENTER,127 NORTH STREET,BATAVIA,NY,14020,5853436030,1833
69994e40-266f-39a9-b34c-a40e639ad34f,F F THOMPSON HOSPITAL,350 PARRISH STREET,CANANDAIGUA,NY,14424,5853966000,6160
721a43a9-65f9-3543-b7b7-67efb46a6fab,SISTERS OF CHARITY HOSPITAL,2157 MAIN STREET,BUFFALO,NY,14214,7168621000,3579
0119f8d8-6ddc-38f8-9e66-c5424b7f545d,ADIRONDACK MEDICAL CENTER,2233 STATE ROUTE 86,SARANAC LAKE,NY,12983,5188914141,3263
702738fc-d861-3e8c-a7b4-821b27daf3d7,LINCOLN MEDICAL & MENTAL HEALTH CENTER,234 EAST 149TH STREET,BRONX,NY,10451,7185795000,189
1dd87848-6c1b-3fc3-8ae7-597604d5f66c,ALICE HYDE MEDICAL CENTER,133 PARK STREET,MALONE,NY,12953,5184833000,1157
d3228c41-8934-34b8-8155-07126e031f23,AURELIA OSBORN FOX MEMORIAL HOSPITAL,ONE NORTON AVENUE,ONEONTA,NY,13820,6074322000,447
2817713f-787b-34e4-849a-1ffa082dc58a,MONTEFIORE MOUNT VERNON HOSPITAL,12 NORTH 7TH AVENUE,MOUNT VERNON,NY,10550,9146648000,7622
c2ba828b-41f8-3213-bd79-70e7dbd73cbd,EASTERN LONG ISLAND HOSPITAL,201 MANOR PLACE,GREENPORT,NY,11944,6314771000,5303
a395c700-3eb0-3633-8a86-0120da045478,ARNOT OGDEN MEDICAL CENTER,600 ROE AVENUE,ELMIRA,NY,14905,6077374100,3700
2860951c-0064-38b4-adb8-44a244e0cd1b,COLUMBIA MEMORIAL HOSPITAL,71 PROSPECT AVENUE,HUDSON,NY,12534,5188287601,2058
c03f44ee-0156-3057-bcad-7d0dca80702f,JONES MEMORIAL HOSPITAL,191 NORTH MAIN STREET,WELLSVILLE,NY,14895,5855931100,1672
b4ee9552-3bc5-3d85-b50a-88ce815db853,N Y EYE AND EAR INFIRMARY,230 SECOND AVE,NEW YORK,NY,10003,2129794000,4106
ec740b94-b936-3485-bf3d-326563c0ed37,NEW YORK-PRESBYTERIAN HOSPITAL,525 EAST 68TH STREET,NEW YORK,NY,10065,2127465454,1877
21c270ff-6dcc-3b15-bb94-925012ff21be,KENMORE MERCY HOSPITAL,2950 ELMWOOD AVENUE,KENMORE,NY,14217,7164476100,9214
0c591cb5-4476-3928-9ad1-838f889a9a91,OLEAN GENERAL HOSPITAL,515 MAIN STREET,OLEAN,NY,14760,7163732600,1318
7a742e58-4b7b-339a-bec7-4cd6bc0d9e5b,NYACK HOSPITAL,160 NORTH MIDLAND AVENUE,NYACK,NY,10960,8453482000,3104
b1436055-17d5-3d34-8eb0-efa59f09d24d,NORTH SHORE UNIVERSITY HOSPITAL,300 COMMUNITY DRIVE,MANHASSET,NY,11030,5165620100,6432
bad2e39b-5482-3cb6-b47f-74a564ff678a,PECONIC BAY MEDICAL CENTER,1300 ROANOKE AVENUE,RIVERHEAD,NY,11901,6315486000,2969
d9569ef0-9778-34cb-87ca-8de97f0daf32,ST JOSEPH'S HOSPITAL  INC,555 ST JOSEPH'S BLVD,ELMIRA,NY,14902,6077336541,4431
d435e17c-a7d0-310c-ae1c-d4eaa6cbd7ff,BERTRAND CHAFFEE HOSPITAL,224 EAST MAIN STREET,SPRINGVILLE,NY,14141,7165922871,4083
1d2cb751-a306-35ad-ad9d-9c0be4e80cae,ONEIDA HEALTHCARE,321 GENESEE STREET,ONEIDA,NY,13421,3153636000,3032
ef2b8363-b334-3e59-841d-008d803bbc69,LENOX HILL HOSPITAL,100 EAST 77TH STREET,NEW YORK,NY,10021,2124392345,2782
c96ef256-b0df-3ad8-8b94-f4141affca62,ROCHESTER GENERAL HOSPITAL,1425 PORTLAND AVENUE,ROCHESTER,NY,14621,5859224000,8235
3da91f37-80c8-3bbd-8e0e-1a53ed37c382,ORANGE REGIONAL MEDICAL CENTER,707 EAST MAIN STREET,MIDDLETOWN,NY,10940,8453432424,3264
50f2fabd-49df-311e-9428-14feaa696b09,ELMHURST HOSPITAL CENTER,79-01 BROADWAY,ELMHURST,NY,11373,7183341141,2892
c7c4ad61-7465-3994-a8df-f556b2887087,TLC HEALTH NETWORK,845 ROUTES 5 AND 20,IRVING,NY,14081,7165323377,3193
6075b7cb-9ef1-3f26-95a1-1c3f0917b8f2,BON SECOURS COMMUNITY HOSPITAL,160 EAST MAIN STREET,PORT JERVIS,NY,12771,8458565351,2158
597452d1-0535-33e4-aea5-6d5aaa0a0fec,MARY IMOGENE BASSETT HOSPITAL,ONE ATWELL ROAD,COOPERSTOWN,NY,13326,6075473456,1744
55d12720-ab2f-3eb1-b288-450e2549ecd0,ST JOSEPH'S HOSPITAL HEALTH CENTER,301 PROSPECT AVENUE,SYRACUSE,NY,13203,3154485111,5378
e9e7f38d-b4e7-3e89-9c59-bd0d2f491ab3,BROOKHAVEN MEMORIAL HOSPITAL MEDICAL CENTER,101 HOSPITAL ROAD,PATCHOGUE,NY,11772,6316547100,2566
cfa29e2c-e5ea-3a0f-ad29-34cc35365314,IRA DAVENPORT MEMORIAL HOSPITAL  INC,7571 STATE ROUTE 54,BATH,NY,14810,6077768500,2376
684e71f5-abcb-3170-84a6-ef4bd60d571d,ST JAMES MERCY HOSPITAL,411 CANISTEO STREET,HORNELL,NY,14843,6073248000,1717
ce29ad65-2dd4-34f9-8761-19badbbd2d31,ELLIS HOSPITAL,1101 NOTT STREET,SCHENECTADY,NY,12308,5182434000,10845
366b7a84-aace-3d05-8319-61ae8d41ad39,SAMARITAN MEDICAL CENTER,830 WASHINGTON STREET,WATERTOWN,NY,13601,3157854121,8661
bef27ebd-883c-34b6-9da9-f9e2f6c59b3c,GOOD SAMARITAN HOSPITAL OF SUFFERN,255 LAFAYETTE AVENUE,SUFFERN,NY,10901,9143685000,15324
175bb6c5-cf40-3a92-93a4-8d8ab0a0b460,NORTHERN WESTCHESTER HOSPITAL,400 EAST MAIN STREET,MOUNT KISCO,NY,10549,9146661200,21609
59952c0f-9ebf-3c90-b47f-65bde3e733de,EASTERN NIAGARA HOSPITAL,521 EAST AVENUE,LOCKPORT,NY,14094,7165145700,17201
f791dfa4-9754-33c6-9d00-5c779d8ec2be,HIGHLAND HOSPITAL,1000 SOUTH AVENUE,ROCHESTER,NY,14620,5854732200,9248
22a8d163-e5f0-30e5-8274-9ca9279e97b7,WESTFIELD MEMORIAL HOSPITAL  INC,189 EAST MAIN STREET,WESTFIELD,NY,14787,7163264921,1345
184738f2-af0e-3075-aba0-79e8054a723a,NYU WINTHROP HOSPITAL,259 FIRST STREET,MINEOLA,NY,11501,5166630333,6638
7396833a-c3a9-3255-b781-6b9b6d0ba860,MOUNT SINAI BETH ISRAEL/PETRIE CAMPUS,FIRST AVENUE AT 16TH STREET,NEW YORK,NY,10003,2124202000,3323
873ab70e-26a8-362e-8015-bd5f9d88c252,CORTLAND REGIONAL MEDICAL CENTER  INC,134 HOMER AVENUE,CORTLAND,NY,13045,6077563500,11413
c181a14c-aee9-3305-ac88-9ddb32f7b2fd,SAMARITAN HOSPITAL,2215 BURDETT AVENUE,TROY,NY,12180,5182713300,7086
ff4988f1-4194-3f9b-8c02-997ec1a2824c,GLEN COVE HOSPITAL,101 ST ANDREWS LANE,GLEN COVE,NY,11542,5166747300,3330
ff06fc50-b7e8-35d6-946c-c1fdc0db02ff,ST FRANCIS HOSPITAL  ROSLYN,100 PORT WASHINGTON BOULEVARD,ROSLYN,NY,11576,5165626000,3329
fff0b124-03ed-3e45-99e4-5f5687890345,MONTEFIORE NEW ROCHELLE HOSPITAL,16 GUION PLACE,NEW ROCHELLE,NY,10802,9146325000,8638
182cb358-80df-318e-a054-04be5b2fb81e,JOHN T MATHER MEMORIAL HOSPITAL  OF PORT JEFFERSON,75 NORTH COUNTRY ROAD,PORT JEFFERSON,NY,11777,6314731320,147
6ce842b4-c5f4-3200-9002-a49f1fbaa42f,MOUNT ST MARY'S HOSPITAL AND  HEALTH CENTER,5300 MILITARY ROAD,LEWISTON,NY,14092,7162974800,658
8c661a40-4929-3428-8260-257da85185fe,GLENS FALLS HOSPITAL,100 PARK STREET,GLENS FALLS,NY,12801,5189261000,7842
42c12d79-1222-3b0f-ab79-9bf7bd698ac2,FLUSHING HOSPITAL MEDICAL CENTER,45TH AVENUE AND PARSONS BOULEVARD,FLUSHING,NY,11355,7186705000,1487
d08ec2fd-4c52-3429-ac63-33cb37117695,LONG ISLAND JEWISH MEDICAL CENTER,270 - 05 76TH AVENUE,NEW HYDE PARK,NY,11040,7184707000,2581
8dd063f8-70fb-3387-b04f-214d114c78ef,CANTON-POTSDAM HOSPITAL,50 LEROY STREET,POTSDAM,NY,13676,3152653300,2617
bce7fc7c-7445-3875-952b-f43d75abbf58,SOUTH NASSAU COMMUNITIES HOSPITAL,ONE HEALTHY WAY,OCEANSIDE,NY,11572,5166323000,6962
2ccdcb91-eef7-3560-b7b7-416a6bbfb1be,METROPOLITAN HOSPITAL CENTER,1901 FIRST AVENUE,NEW YORK,NY,10029,2124236262,3524
005fc272-fed5-37af-8253-8c625efbfe91,CROUSE HOSPITAL,736 IRVING AVENUE,SYRACUSE,NY,13210,3154707449,5370
b76f8969-e884-3e9b-b008-c139ba47420c,BELLEVUE HOSPITAL CENTER,462 FIRST AVENUE,NEW YORK,NY,10016,2125614132,3290
3ae7e7d4-1e52-3322-813f-5e9dfd4a291a,ST ANTHONY COMMUNITY HOSPITAL,15 - 19  MAPLE AVENUE,WARWICK,NY,10990,8459862276,2474
96566e42-523c-32e9-821a-a585957cfe14,ST JOHN'S RIVERSIDE HOSPITAL,976 NORTH BROADWAY,YONKERS,NY,10701,9149644444,14478
5d3d508b-9254-333f-b29c-954e765b3bb6,CLAXTON-HEPBURN MEDICAL CENTER,214 KING STREET,OGDENSBURG,NY,13669,3153933600,820
6d0f4470-fd4c-3347-9598-b7e3e0ce67b0,NYU HOSPITALS CENTER,550 FIRST AVENUE,NEW YORK,NY,10016,2122637300,3463
6c45e2c5-1349-347e-b1df-94dc4ecc6693,ROME MEMORIAL HOSPITAL  INC,1500 NORTH JAMES STREET,ROME,NY,13440,3153387000,9284
41c4b0ba-b392-3807-b6de-19372c0d0844,OSWEGO HOSPITAL,110 WEST SIXTH STREET,OSWEGO,NY,13126,3153495511,5724
9c27526b-44b7-3e52-ad01-52b1b3405f59,ERIE COUNTY MEDICAL CENTER,462 GRIDER STREET,BUFFALO,NY,14215,7168983936,17395
dea330e4-96d2-3413-b56b-0f4b740b9955,SARATOGA HOSPITAL,211 CHURCH STREET,SARATOGA SPRINGS,NY,12866,5185873222,9369
d9f24f42-ac0a-3076-9e09-e4b7b965af2c,MASSENA MEMORIAL HOSPITAL,1 HOSPITAL DRIVE,MASSENA,NY,13662,3157641711,285
3351513f-1f7d-3461-899f-9b1c57d8221a,HEALTHALLIANCE HOSPITAL MARYS AVENUE CAMPUS,105 MARY'S AVENUE,KINGSTON,NY,12401,8453382500,2184
d759ebbd-8830-32c2-a80e-242a03a32125,UNITY HOSPITAL OF ROCHESTER,1555 LONG POND ROAD,ROCHESTER,NY,14626,5857237000,9657
9cfedb9b-9287-3cf2-b83c-09518c300b32,BROOKS MEMORIAL HOSPITAL,529 CENTRAL AVENUE,DUNKIRK,NY,14048,7163661111,2359
eca0c5e6-abde-3019-9367-d73924492128,QUEENS HOSPITAL CENTER,82-68 164TH STREET,JAMAICA,NY,11432,7188833000,2738
bf22a94f-e621-35a5-8916-1cbfb998902d,ST MARY'S HOSPITAL ( TROY ),1300 MASSACHUSETTS AVENUE,TROY,NY,12180,5182685000,14956
e9eeb2af-e797-38c3-988b-5b3f8f8bae07,WESTCHESTER MEDICAL CENTER,100 WOODS RD,VALHALLA,NY,10595,9142857017,362
6a3f3dc5-82da-3c93-8d07-a9395cd70a65,AUBURN  COMMUNITY  HOSPITAL,17 LANSING STREET,AUBURN,NY,13021,3152557011,5770
4a956cd4-6dc1-3963-8dd5-7d8ed2350431,NICHOLAS H NOYES MEMORIAL HOSPITAL,111  CLARA BARTON STREET,DANSVILLE,NY,14437,5853356001,4122
77598ae8-aff4-374f-948c-82ada31e3491,WOMAN'S CHRISTIAN ASSOCIATION,207 FOOTE AVENUE,JAMESTOWN,NY,14701,7164870141,3171
c627ce5c-3f52-3889-95ba-b5cfdbb2376b,HARLEM HOSPITAL CENTER,506 LENOX AVENUE,NEW YORK,NY,10037,2124918400,4889
a8be83b8-332d-30d8-a3f8-c885cbb2a083,UNIVERSITY HOSPITAL S U N Y HEALTH SCIENCE CENTER,750 EAST ADAMS STREET,SYRACUSE,NY,13210,3154734240,6925
ef93b288-10ed-3dcd-937f-9898fbc488f9,ST ELIZABETH MEDICAL CENTER,2209 GENESEE STREET,UTICA,NY,13501,3157988100,8030
324e379e-9f03-3a79-acf5-7682286b2290,ST CHARLES HOSPITAL,200 BELLE TERRE ROAD,PORT JEFFERSON,NY,11777,6314746000,1649
7d4874e2-da85-3810-90a2-16b692fd6489,CHAMPLAIN VALLEY PHYSICIANS HOSPITAL MEDICAL CTR,75 BEEKMAN STREET,PLATTSBURGH,NY,12901,5185627767,4949
b5324d6c-a7fb-3edf-9ae2-628637f773f4,MERCY MEDICAL CENTER,1000 NORTH VILLAGE AVENUE,ROCKVILLE CENTRE,NY,11570,5167052525,12981
218ff148-e783-3516-8ed2-4cc8c4471a03,PHELPS MEMORIAL HOSPITAL ASSN,701 NORTH BROADWAY,SLEEPY HOLLOW,NY,10591,9143663000,1580
de4c0c3a-1c70-3832-a066-d8622a04f55f,ST LUKE'S CORNWALL HOSPITAL,70 DUBOIS STREET,NEWBURGH,NY,12550,8455614400,17200
23d690ce-038a-3eb2-939e-db54170db088,CLIFTON SPRINGS HOSPITAL AND CLINIC,2 COULTER ROAD,CLIFTON SPRINGS,NY,14432,3154629561,2547
f261635a-e942-3810-bc5f-e25cc1ad07d6,NEW YORK-PRESBYTERIAN/HUDSON VALLEY HOSPITAL,1980 CROMPOND ROAD,CORTLANDT MANOR,NY,10567,9147343611,4903
df6f4802-7cef-33e7-b374-4b3e933dd024,COBLESKILL REGIONAL HOSPITAL,178 GRANDVIEW DRIVE,COBLESKILL,NY,12043,5182543300,2624
b27a49dd-a33e-396d-9b4b-5754ac545225,HOSPITAL FOR SPECIAL SURGERY,535 EAST 70TH STREET,NEW YORK,NY,10021,2126061000,3125
7c5269ee-e9dd-3d3c-b76b-5cf8e8e51ae2,PUTNAM HOSPITAL CENTER,670 STONELEIGH AVENUE,CARMEL,NY,10512,9142795711,10101
71dfe5fa-4d83-342c-9282-e495b02b197f,NATHAN LITTAUER HOSPITAL,99 EAST STATE STREET,GLOVERSVILLE,NY,12078,5187258621,2918
d6aa991a-ac43-34f9-be75-37f62cb9b5f5,CORNING HOSPITAL,1 GUTHRIE DRIVE,CORNING,NY,14830,6079377200,2462
9878301c-0501-3d91-ac80-f46fe6b8c91f,MERCY HOSPITAL OF BUFFALO,565 ABBOTT ROAD,BUFFALO,NY,14220,7168267000,16479
6f510f47-a3ae-31fb-9d01-965d69f07273,STRONG MEMORIAL HOSPITAL,601 ELMWOOD AVE,ROCHESTER,NY,14642,5852752121,10406
5722029f-c577-3d75-816c-f9dcf6c2de9b,GOOD SAMARITAN HOSPITAL MEDICAL CENTER,1000 MONTAUK HIGHWAY,WEST ISLIP,NY,11795,6313763000,6617
429e858d-0e8f-3f98-a9ef-9b0f278ec952,WHITE PLAINS HOSPITAL CENTER,41 EAST POST R0AD,WHITE PLAINS,NY,10601,9146810600,14393
85487d69-8a40-342c-98c8-af28f26c14be,CAYUGA MEDICAL CENTER AT ITHACA,101 DATES DRIVE,ITHACA,NY,14850,6072744401,12974
e20b4271-a7c3-397b-85ca-25ea2cc3de15,PLAINVIEW HOSPITAL,888 OLD COUNTRY ROAD,PLAINVIEW,NY,11803,5167193000,1731
847d7fcc-fc00-3797-95c5-0659c8280c46,ST JOSEPH HOSPITAL,4295 HEMPSTEAD TURNPIKE,BETHPAGE,NY,11714,5165796000,5173
2ebafcec-535b-3112-bc7b-e6db4777c4e2,SOUTHAMPTON HOSPITAL,240 MEETING HOUSE LANE,SOUTHAMPTON,NY,11968,6317268300,99
100f0e69-70fb-369a-9eaf-9a99a8612e13,NORTH CENTRAL BRONX HOSPITAL,3424 KOSSUTH AVENUE & 210TH STREET,BRONX,NY,10467,2125195000,691
afa3cfc1-2b1a-39c5-bef9-4c47e5ebf7ca,CATSKILL REGIONAL MEDICAL CENTER,68 HARRIS BUSHVILLE ROAD,HARRIS,NY,12742,8457943300,4610
f310d253-d290-303b-8efb-71afb7a458bc,ROCKEFELLER UNIVERSITY HOSPITAL,1230 YORK AVENUE,NEW YORK,NY,10021,2125708000,2966
95012761-9957-3b15-96de-f3ecc3645849,UNIVERSITY HOSPITAL ( STONY BROOK ),HEALTH SCIENCES CENTER SUNY,STONY BROOK,NY,11794,6314444000,864
df8fab28-4ec9-3a17-bcdc-07fb08ef3422,UNITED HEALTH SERVICES HOSPITALS  INC,10-42 MITCHELL AVENUE,BINGHAMTON,NY,13903,6077636000,7785
b11139ad-2a4c-3644-9988-5864e2dc90b4,ST JOHN'S EPISCOPAL HOSPITAL AT SOUTH SHORE,327 BEACH 19TH STREET,FAR ROCKAWAY,NY,11691,7188697000,10602
a8f15711-bee2-3051-b886-6913e3c2a3df,ST BARNABAS HOSPITAL,4422 THIRD AVENUE,BRONX,NY,10457,2129609000,358
aa83f6d8-84a2-366b-85d4-0cc4c2c099f3,ST CATHERINE OF SIENA HOSPITAL,50 ROUTE 25A,SMITHTOWN,NY,11787,6318623000,1148
b3a025db-cc0b-3487-8310-d448973bf0e4,MONROE COMMUNITY HOSPITAL,435 EAST HENRIETTA ROAD,ROCHESTER,NY,14620,5857606500,13521
ed02c793-d6b9-31cc-9942-d45a296f3a63,HELEN HAYES HOSPITAL,51 NORTH ROUTE 9W,WEST HAVERSTRAW,NY,10993,8457864000,8358
1d548bfa-d1de-3aa0-aacf-6e75c9f26139,SUNNYVIEW HOSPITAL AND REHABILITATION CENTER,1270 BELMONT AVENUE,SCHENECTADY,NY,12308,5183863580,10377
e085ceb8-63c6-3864-a2c4-29c0a2bdaa65,TRI-TOWN REGIONAL HEALTHCARE,43 WEST PEARL STREET,SIDNEY,NY,13838,6075637080,242
c595078b-b824-341e-bed2-0bf17ffd16af,BURDETT CARE CENTER,2215 BURDETT AVE,TROY,NY,12180,5182713655,5379
bd1fad51-2046-3e24-b278-b6a6417e892e,CUBA MEMORIAL HOSPITAL  INC,140 WEST MAIN STREET,CUBA,NY,14727,5859612000,1128
f696aac7-26c3-3749-bb76-f4921ab83369,ELIZABETHTOWN COMMUNITY HOSPITAL,75 PARK STREET,ELIZABETHTOWN,NY,12932,5188736377,911
6c343102-6eea-3b30-8805-2494a7576e83,CATSKILL REGIONAL MEDICAL CENTER - G HERMANN SITE,8081 ROUTE 97,CALLICOON,NY,12723,8458875530,7059
db6a72cb-72c0-371d-a4a9-7848b423f859,MARGARETVILLE MEMORIAL HOSPITAL,42084 STATE HIGHWAY 28,MARGARETVILLE,NY,12455,8455862631,13
6718d3ad-d106-3ac9-90a9-768672cabe12,O'CONNOR HOSPITAL,460 ANDES ROAD,DELHI,NY,13753,6077460300,2087
6fc60d9c-8287-3fb4-a63b-81b9d6ef9cd6,MOSES-LUDINGTON HOSPITAL,1019 WICKER STREET,TICONDEROGA,NY,12883,5185853700,6965
4569c37e-9948-364f-be38-20b05ffc583d,CLIFTON FINE HOSPITAL,1014 OSWEGATCHIE TRAIL,STAR LAKE,NY,13690,3158483351,1368
c833052e-4d83-3165-9dd3-fd3566f2a7a6,RIVER HOSPITAL  INC,4 FULLER STREET,ALEXANDRIA BAY,NY,13607,3154822511,1223
aec2a0a5-7e83-3e52-b8f2-453bd633a1c9,ELLENVILLE REGIONAL HOSPITAL,10 HEALTHY WAY,ELLENVILLE,NY,12428,8456476400,9265
e8fafccb-4c28-35cb-84c8-fe16e6ea9b21,LITTLE FALLS HOSPITAL,140 BURWELL STREET,LITTLE FALLS,NY,13365,3158235261,2320
159331ab-7996-35ed-a2e5-0e79397e046f,DELAWARE VALLEY HOSPITAL  INC,1 TITUS PLACE,WALTON,NY,13856,6078652188,4875
c6632f86-fd43-322e-9df1-867cf2234ab6,SCHUYLER HOSPITAL  INC,220 STEUBEN STREET,MONTOUR FALLS,NY,14865,6075307121,930
3bf9c170-cec9-30a6-b329-ab86d1f3699a,SOLDIERS AND SAILORS MEMORIAL HOSPITAL OF YATES,418 NORTH MAIN STREET,PENN YAN,NY,14527,3157874175,1096
2d1f076b-2c47-3257-8c93-6275642d846f,GOUVERNEUR HOSPITAL,77 WEST BARNEY STREET,GOUVERNEUR,NY,13642,3152871000,1414
16bf6418-9c8e-3add-ad05-e22e7b01c577,COMMUNITY MEMORIAL HOSPITAL  INC,150 BROAD STREET,HAMILTON,NY,13346,3158241100,522
44b1affd-5877-3891-acc2-3041ce2e4df0,LEWIS COUNTY GENERAL HOSPITAL,7785 NORTH STATE STREET,LOWVILLE,NY,13367,3153765200,1575
8e4b693c-c63d-365f-8ed6-f844d211f083,CARTHAGE AREA HOSPITAL  INC,1001 WEST STREET,CARTHAGE,NY,13619,3154931000,922
7b34d52c-c2fa-35a7-91e4-e0c2b2b3c750,MEDINA MEMORIAL HOSPITAL,200 OHIO STREET,MEDINA,NY,14103,5857988111,2370
ed49b72a-29b1-3deb-8ade-f53cf1d539ce,BLYTHEDALE CHILDREN'S HOSPITAL,95 BRADHURST AVENUE,VALHALLA,NY,10595,9145927555,378
a9a082fa-fdf1-3d29-a894-ac222c62c156,Franklin Delano Roosevelt Campus of the VA Hudson Valley Health Care System (Montrose),2094 Albany Post Rd.,Montrose,NY,10548,914-737-4400,1
07a33636-91b1-3b02-8078-4c5e3711c663,Eastern Dutchess Pine Plains Community Clinic,2881 Church St  Rt 199,Pine Plains,NY,12567,518-398-9240,1
36931538-b758-3aaa-b8ff-58e4816b2941,Glens Falls VA Outpatient Clinic,84 Broad St.,Glens Falls,NY,12801,518-798-6066,79
2188a760-a1d6-363f-ab33-426fb2d140ae,Lackawanna VA Outpatient Clinic,1234 Abbott Road,Lackawanna,NY,14218,716-821-7815,47
893f3fdf-a60a-3c42-a0b3-e3fa67a2a787,Oswego VA Outpatient Clinic,437 State Route 104 E,Oswego,NY,13126,315-207-0120,36
691daf8b-d0d9-347e-b136-b871a195a719,Rochester VA Outpatient Clinic,465 Westfall Road,Rochester,NY,14620,585-463-2600,1
b7376739-e2de-37b1-8e68-8fb5951c938e,Schenectady VA Outpatient Clinic,1346 Gerling Street  Sheridan Plaza,Schenectady,NY,12308,518-346-3334,2
b1a89049-6ab4-33bb-bf4b-ef4ca0bc2a12,Tompkins/Cortland County,1451 Dryden Road,Freeville,NY,13068,607-347-4101,98
0fe439e7-96bf-3565-8f38-6457ac09fdd4,Valley Stream Clinic,99 South Central Avenue,Valley Stream,NY,11580,631-754-7978,1
f8af8569-2275-3ec0-a920-9cacb7f97450,Buffalo Vet Center,2372 Sweet Home Road,Amherst,NY,14228,716-862-7350 Or 716-862-7350,30
cb1edec6-49c6-3a3b-bbe9-f0e7d8b39799,Watertown Vet Center,210 Court Street  Suite 20,Watertown,NY,13601,315-782-5479 Or 315-782-5479,3
349a0fd1-42ee-32f2-b6c9-995e1d92c276,ISLAND URGENT MEDICAL CARE,1228 EAST MAIN STREET,RIVERHEAD,NY,11901,631-727-8032,22
86ff8e2d-007f-34e1-aa43-0f8309dfcf58,Z MEDICAL CARE,128 GLEN STREET,GLEN COVE,NY,11542,516-802-5562,14
112e8d99-4cfd-316e-b3bd-80efcc6e438f,LONG ISLAND GROUP DOCTORS IMMEDIATE CARE,1111 BROADHOLLOW ROAD,FARMINGDALE,NY,11735,631-752-7000,27
f5f9ddeb-6d7e-3dd8-a710-95023381ff06,NEW YORK URGENT CARE,55 EAST OLD COUNTRY ROAD,HICKSVILLE,NY,11801,516-605-0120,14
365b6d62-52cd-300f-af71-5e85281e7de6,THE MED STATION,104 FOREST AVENUE,GLEN COVE,NY,11542,516-759-5406,21
fe89d64c-66c6-3b60-a7d5-c2b72729820c,BISHOP ORRIS MEDICAL CENTER URGENT CARE,1536 BEDFORD AVENUE,BROOKLYN,NY,11216,718-613-7375,856
b68f628c-11ac-3ed6-8cb7-2a9874d1ef1a,PRIME CARE MEDICAL,504 MONTAUK HIGHWAY,CENTER MORICHES,NY,11934,631-878-2222,9
c16f181e-0141-30aa-9238-aa8e6b05e20f,LONG ISLAND FAMILY MEDICAL GROUP - SAINT JAMES,631 LAKE AVENUE,SAINT JAMES,NY,11780,631-862-6060,6
048c39bc-52b7-3b21-b46c-5b282b748fb6,LONG ISLAND MEDICAL CARE SERVICES,986 SUNRISE HIGHWAY,WEST BABYLON,NY,11704,631-587-6060,1
19f75a44-1e70-382d-a2ab-2eb674cf000c,CENTEREACH URGENT CARE,18 EASTWOOD BOULEVARD,CENTEREACH,NY,11720,631-467-3600,2
cb69b862-0725-3118-85a7-878fc04dec08,MEDICENTER,365 WEST JERICHO TURNPIKE,HUNTINGTON,NY,11743,631-423-5400,21
733fe909-c9b4-3069-88a0-60dc21244c3f,STAT-HEALTH IMMEDIATE MEDICAL CARE,519 WEST JERICHO TURNPIKE,SMITHTOWN,NY,11787,631-360-5900,20
122e2fc6-801d-3ec0-9cea-26247276595e,WESTERN NEW YORK IMMEDIATE CARE - NIAGARA FALLS,2099 NIAGARA FALLS BOULEVARD,AMHERST,NY,14228,716-564-2273,449
ff2e1624-292b-34e7-a3cf-dfbb40201631,EASTSIDE MEDICAL URGENT CARE,2226 PENFIELD ROAD,PENFIELD,NY,14526,585-388-5280,443
65fd007d-b35b-3226-a815-1f5fcac781a1,IMMEDIATE MEDICAL CARE ASSOCIATES,5700 WEST GENESEE STREET,CAMILLUS,NY,13031,315-488-6393,180
c491e949-a5a9-3604-ae9a-4f37128c0653,MEDICUS,1418 UNION AVENUE,NEWBURGH,NY,12550,845-564-1418,42
f0519ff2-3837-34ec-b84b-4d676757fd48,TUG HILL URGENT CARE,7518 SOUTH STATE STREET,LOWVILLE,NY,13367,315-376-2273,29
b0261d32-ef91-34a8-aeb6-abfde2ce7ced,URGENT CARE OF WESTCHESTER,155 WHITE PLAINS ROAD,TARRYTOWN,NY,10591,914-372-7171,1686
f42d49cd-f997-3e7d-848d-80b57594e949,IMMEDIATE MEDICAL CARE OF CENTRAL NEW YORK,8240 CAZENOVIA ROAD,MANLIUS,NY,13104,315-682-0909,43
6eef7951-e728-36b6-a9e5-1bc4bcd1ce07,NEWTON MEDICAL ASSOCIATES,588 NEW LOUDON ROAD,LATHAM,NY,12110,518-785-2662,10
384176fb-18ff-3ed6-8442-bc2940efd60e,REDDY CARE WALK-IN CLINIC,6161 TRANSIT ROAD,EAST AMHERST,NY,14051,716-688-6161,226
b65d2176-195c-33a2-898f-5b3834ae969a,NEWTON MEDICAL,1662 CENTRAL AVENUE,ALBANY,NY,12205,518-869-9692,5
25263d6c-6135-3de8-89c9-fca22666e917,FIRST CARE,363 DELAWARE AVENUE,DELMAR,NY,12054,518-439-9911,13
50309c76-65fa-3f83-a912-dab7a13ff85a,PRIME CARE URGENT CARE,400 PATROON CREEK BOULEVARD,ALBANY,NY,12206,518-445-4444,35
9dd11729-330c-320f-8102-e46f9f134191,AFTER HOURS MEDICAL CARE,120 GARDENVILLE PARKWAY WEST,BUFFALO,NY,14224,716-656-4355,1014
62953d58-4345-33cf-a26f-1b06b1eb17dc,NORTH MEDICAL URGENT CARE,5100 WEST TAFT ROAD,LIVERPOOL,NY,13088,315-452-2333,21
6b0f7f83-588e-3fb1-8852-6ee84844af55,CROUSE PROMPT CARE,739 IRVING AVENUE,SYRACUSE,NY,13210,315-470-2951,83
9945f539-1057-3c66-9aa2-843a6f0a125b,NEWTON MEDICAL ASSOCIATES III,2727 HAMBURG STREET,SCHENECTADY,NY,12303,518-356-7818,155
fa141453-2b7b-3f25-98ed-3ef44f9a6841,LOURDES WALK-IN SERVICE,276 ROBINSON STREET,BINGHAMTON,NY,13904,607-771-7234,24
41faaed1-0682-3e48-90d5-b4b0a3636d61,EMURGENTCARE PROFESSIONAL LIMITED LIABILITY COMPANY,11835 UNITED STATES HIGHWAY 9 WEST,WEST COXSACKIE,NY,12192,518-731-9000,34
09aa673e-2461-371f-b7ba-96a9e1f373c4,MOUNTAIN MEDICAL SERVICES URGENT CARE - LAKE PLACID,1927 SARANAC AVENUE,LAKE PLACID,NY,12946,518-523-7575,19
742a3ac9-fea0-39a9-a1a2-73d9c709d025,OMNI MEDICAL CARE,1400 STATE ROUTE 300,NEWBURGH,NY,12550,845-566-6664,61
7652d6ec-8a19-327d-bcf2-28484969a9d2,CRYSTAL RUN HEALTHCARE,61 EMERALD PLACE,ROCK HILL,NY,12775,845-794-6999,63
a57d78b8-a3d3-3512-b05b-2ee3e36a3e5d,UNITED MEDICAL ASSOCIATES PRIMARY CARE,1302 EAST MAIN STREET,ENDICOTT,NY,13760,607-754-7171,328
e822d6eb-cae3-3d05-89f1-c18f4064b946,EXTENDED MEDICAL SERVICES PROFESSIONAL MEDICAL SERVICES,811 RIDGE ROAD,WEBSTER,NY,14580,585-671-4660,7
b4c06ef3-f403-341f-bb8d-92b59306d92e,CORTLAND CONVENIENT CARE CENTER,1129 COMMONS AVENUE,CORTLAND,NY,13045,607-758-7200,71
36a4256c-d4f2-3c82-9181-f5c48d9181c8,LOURDES PRIMARY CARE ASSOCIATES,415 EAST MAIN STREET,ENDICOTT,NY,13760,607-786-1801,40
151fbe55-cb4c-3355-a2d7-e8bf96e7929e,EXPRESS PEDIATRICS WALK IN URGENT CARE,1989 STATE ROUTE 52,HOPEWELL JUNCTION,NY,12533,845-897-4500,123
52108906-37f4-39fb-a5c2-4d246a938b80,WESTERN NEW YORK IMMEDIATE CARE - WILLIAMSVILLE,7616 TRANSIT ROAD,WILLIAMSVILLE,NY,14221,716-204-2273,121
619ef307-db42-3cf8-ad4a-937c841702d3,MEDICUS IMMEDIATE AND HEALTH CARE SERVICES,1530 UNITED STATES HIGHWAY 9,WAPPINGERS FALLS,NY,12590,845-297-2511,513
5bde2a55-c9a8-3997-8fb1-edb4fc587513,COMMUNITY CARE PHYSICIANS,711 TROY SCHENECTADY ROAD,LATHAM,NY,12110,518-782-3700,6
b570d0a3-aef4-34cb-b812-aa66e8743722,SALEM FAMILY HEALTH CENTER,213 MAIN STREET,SALEM,NY,12865,518-854-3821,231
e3708758-f4b4-350d-964c-aa1579fba3e3,MEDICUS,1110 STATE HIGHWAY 55,LAGRANGEVILLE,NY,12540,845-485-4455,37
bf455336-093e-31a7-8020-e0d1732e1142,URGENT CARE OF SOUTHERN SARATOGA,1770 UNITED STATES HIGHWAY 9,CLIFTON PARK,NY,12065,518-688-1380,22
94163c13-f955-3b25-ad10-f20aa3792f4e,INDEPENDENT PHYSICIANS URGENT CARE,1904 GENESEE STREET,UTICA,NY,13502,315-793-8856,143
d0cea739-9ecc-307a-a035-830ce36a3ef4,FOXNOW WALK-IN HEALTHCARE,739 STATE ROUTE 28,ONEONTA,NY,13820,607-431-5052,30
6bb0343d-abfd-387f-8a62-064b47cd40c8,WESTERN NEW YORK IMMEDIATE CARE - ORCHARD PARK,3050 ORCHARD PARK ROAD,BUFFALO,NY,14224,716-675-3700,205
db4bacc2-23d4-32aa-9818-39ed7546302a,EMERGENCY ONE URGENT CARE,4250 ALBANY POST ROAD,HYDE PARK,NY,12538,845-229-2602,69
288131b0-6a02-3b46-8cc4-54fdf53960fe,UNITED MEDICAL ASSOCIATES PRIMARY CARE,91 CHENANGO BRIDGE ROAD,BINGHAMTON,NY,13901,607-648-6667,111
fa8d14fc-0c78-3f02-ab34-d1bf85a64d0e,MALTA MEDICAL CARE,2554 UNITED STATES HIGHWAY 9,BALLSTON SPA,NY,12020,518-899-5002,3
25f68dfc-b137-3e08-8da1-b50e7bf02b84,HEALTHWORKS / THOMPSON HEALTH SAME DAY CARE CENTER,1160 CORPORATE DRIVE,FARMINGTON,NY,14425,585-924-1510,79
eed40983-3f43-3ba1-b102-75087b74f100,CONCENTRA URGENT CARE - ROCHESTER,687 LEE ROAD,ROCHESTER,NY,14606,585-458-7910,952
dcbd6a4c-3cec-3b79-a37c-64f9fa9d5f3f,AFTERHOURS MEDICAL CARE,1850 BRIGHTON HENRIETTA TOWN LINE ROAD,ROCHESTER,NY,14623,585-338-1200,98
3e8583c9-dfd1-359d-aeb3-866ae3ef3a0b,NORTHEAST MEDICAL URGENT CARE,4103 MEDICAL CENTER DRIVE,FAYETTEVILLE,NY,13066,315-637-7800,14
0fa4c48c-cb7c-3674-a0e4-afc3f861b142,LIFETIME HEALTH MEDICAL GROUP DOING BUSINESS AS AFTERHOURS URGENT CARE,800 CARTER STREET,ROCHESTER,NY,14621,585-338-1400,34
d85c5a7b-db72-3e67-8093-19ba17b4d87d,CRYSTAL RUN HEALTHCARE - URGENT CARE,155 CRYSTAL RUN ROAD,MIDDLETOWN,NY,10941,845-703-6333,9
5a831451-e9ad-31e6-accd-da3cc6c817e5,MIDDLETOWN MEDICAL CENTER WALK IN CLINIC,111 MALTESE DRIVE,MIDDLETOWN,NY,10940,845-342-4774,16
cefc2271-325d-3ead-8a30-cc9690888fce,EXCEL URGENT CARE OF GOSHEN,1 HATFIELD LANE,GOSHEN,NY,10924,845-360-5530,25
54a0bdc1-e06c-32ad-bfce-3d4025534468,IMMEDIATE CARE EAST WALK IN MEDICAL TREATMENT PROFESSIONAL LIMITED LIABILITY COMPANY,1600 MOSELEY ROAD,VICTOR,NY,14564,585-398-1275,8
89810ecf-7471-3ce2-9dd6-a5b077e3904b,PRIME MERIDIAN PEDIATRICS - ROCKLAND,15 INDIAN ROCK,SUFFERN,NY,10901,845-357-5437,225
bd36f9cf-1e23-39f8-a8f3-d3bb3b75ae72,UNITED STATES GOVERNMENT ACUTE CARE CLINIC-DOD,11050 MOUNT BELVEDERE BOULEVARD,FORT DRUM,NY,13602,315-772-5236,18
77d5f7ec-c5ad-3bd1-b696-e2356c1edfef,CAMBRIDGE FAMILY HEALTH CENTER,35 GILBERT STREET,CAMBRIDGE,NY,12816,518-677-3961,4
1c1df906-986f-3d8c-b2ca-2926a1c71292,ON-CALL MEDICAL SERVICES,76 NORTH GREENBUSH ROAD,TROY,NY,12180,518-286-3000,1256
2bc785a4-a130-3cd7-bdc7-d0c1d3b8b590,SURYA IMMEDIATE MEDICAL CARE,1182 TROY SCHENECTADY ROAD,LATHAM,NY,12110,518-867-8080,7
08add266-dc57-3d24-ad81-a5c25e7bbdea,MOUNTAIN MEDICAL SERVICES URGENT CARE - SARANAC LAKE,354 BROADWAY,SARANAC LAKE,NY,12983,518-897-1000,33
bac46a08-bc0e-3e5c-9b17-4224402176bd,MEDREADY MEDICAL GROUP - URGENT CARE,19472 UNITED STATES HIGHWAY 11,WATERTOWN,NY,13601,315-779-1104,12
19250018-65f4-3285-9574-9981ccf294f1,HORNELL SURGICAL GROUP,32 GENESEE STREET,HORNELL,NY,14843,607-324-1000,236
f19843f8-dfe8-300d-b563-1ceac09216ca,URGENT CARE NORTH COUNTRY,21017 STATE HIGHWAY 12F,WATERTOWN,NY,13601,315-786-3436,34
9b14f430-a558-3b6b-b3b0-4047ea3f85dc,CAYUGA MEDICAL CENTER CONVENIENT CARE CENTER,10 ARROWOOD DRIVE,ITHACA,NY,14850,607-274-4150,457
6e568298-e542-3de7-8691-7099c1038340,HEALTHCARE MEDICAL ASSOCIATION,2 PERLMAN DRIVE,SPRING VALLEY,NY,10977,845-426-5500,136
f72d2814-c8d6-3a6b-a5de-473deb63aeb3,GUTHRIE - STEUBEN MEDICAL,123 CONHOCTON STREET,CORNING,NY,14830,607-973-8600,307
b9df58c2-b68a-30aa-9709-26a31b0ac817,URGICARE OF THE NORTHEAST,79 HAMMOND LANE,PLATTSBURGH,NY,12901,518-563-5900,104
1ab582bc-bef5-381b-971f-e66940fa188d,ONEONTA URGENT CARE,1 ASSOCIATE DRIVE,ONEONTA,NY,13820,607-433-6400,3
cd6aeb63-8200-31b1-b718-ccd624ed2451,FIRSTCARE WALK-IN MEDICAL CENTER,222 STATE ROUTE 299,HIGHLAND,NY,12528,845-691-3627,12
f94ba5eb-0e87-389c-bdd4-e3eb0c987c1f,ANDERSON MEDICAL DOING BUSINESS AS EMERGENCY ONE,40 HURLEY AVENUE,KINGSTON,NY,12401,845-338-5600,50
46f6d6c1-3aba-38ad-a6b4-071df792fbbb,HUDSON HEADWATERS HEALTH NETWORK,100 BROAD STREET,GLENS FALLS,NY,12801,518-761-0300,6
844e00dc-ac8d-345f-b4a8-d2c73d5d862a,CONVENIENT MEDICAL CARE,319 BAY ROAD,QUEENSBURY,NY,12804,518-792-2181,38
6c991421-98a6-377b-a4e5-af031f91d375,WILTON MEDICAL ARTS,3040 STATE ROUTE 50,SARATOGA SPRINGS,NY,12866,518-580-2273,387
65459e3a-d9dc-35eb-b275-2d0557658537,CLIFTON PARK URGENT CARE CENTER,1 TALLOW WOOD DRIVE,CLIFTON PARK,NY,12065,518-373-4444,18
e3f8c7af-50d5-338c-a564-6856559310e6,MOHAWK GLEN URGENT CARE,91 PERIMETER ROAD,ROME,NY,13441,315-337-2156,390
e1393170-58ea-3f51-8a51-d4f3fc5763f9,URGENT AND PRIMARY CARE,598 COLUMBIA TURNPIKE,EAST GREENBUSH,NY,12061,518-479-5240,11
7242666f-cd8e-3030-b614-930851b46ca4,SLOCUM DICKSON MEDICAL GROUP - URGENT CARE,1729 BURRSTONE ROAD,NEW HARTFORD,NY,13413,315-798-1432,207
2fdde499-5307-3922-84e2-f6776ebd3dd2,GUTHRIE MEDICAL GROUP,130 CENTER WAY,CORNING,NY,14830,607-936-9971,28
f577d245-a9a6-3339-8217-e62ec0a51adf,BASSET HEALTH CARE - HERKIMER,321 EAST ALBANY STREET,HERKIMER,NY,13350,315-867-2700,20
3c6050df-dd36-3e7c-8cdd-554b62e64019,STAT MD PROFESSIONAL LIMITED LIABILITIES COMPANY,2029 JERICHO TURNPIKE,NEW HYDE PARK,NY,11040,516-352-7828,49
f1b4d0d2-1973-302c-8468-11fb3c29ab68,RYE WALK IN MEDICAL CENTER,150 PURCHASE STREET,RYE,NY,10580,914-967-3266,55
de66e03e-5b46-3ab9-99a4-80389a19fd82,EAST MEADOW WALK-IN CLINIC,1620 FRONT STREET,EAST MEADOW,NY,11554,516-505-1010,7
596421a1-7df6-3f29-9cf8-56e24cd8a5b6,LONG ISLAND FAMILY MEDICAL GROUP - MILLER PLACE,765 STATE ROUTE 25A,MILLER PLACE,NY,11764,631-821-0505,126
9982348b-d47a-3921-bc80-708cfd0a9ecc,NASSAU IMMEDIATE MEDICAL CARE,465 WILLIS AVENUE,WILLISTON PARK,NY,11596,516-294-3535,602
b252b78c-db12-3b36-9b1b-c69e9ff3efc0,PEDIATRIC IMMEDIATE CARE,150 SUNRISE HIGHWAY,LINDENHURST,NY,11757,631-956-3516,43
4e45b8c0-90b3-3257-841b-6d7bec6b1618,WESTCHESTER MEDICAL GROUP URGENT CARE,210 WESTCHESTER AVENUE,WHITE PLAINS,NY,10604,914-681-3100,396
46eedf01-81cc-3c6b-b8f8-7a9cc526b26e,THROGS NECK URGENT MEDICAL CARE PRIMARY CARE,3594 EAST TREMONT AVENUE,BRONX,NY,10465,718-597-5800,135
89325b17-5564-3c24-8e5c-10ddd6fe2972,HEMPSTEAD MAINE MEDICAL CENTER,2 MAIN STREET,HEMPSTEAD,NY,11550,516-489-6600,20
1ca64ed9-8eb4-31d0-ba7c-f1985e2647d4,FIRST MED IMMEDIATE MEDICAL SERVICES OF QUEENS,210-21 NORTHERN BOULEVARD,BAYSIDE,NY,11361,718-224-8855,6
c666be43-b663-3e27-89ec-c6e3d6beb5bd,ERDOX,365 BROADWAY,AMITYVILLE,NY,11701,631-841-4102,11
03168a7d-609a-328e-b299-13247f908937,LONG ISLAND FAMILY MEDICAL GROUP - SAYVILLE,160 MIDDLE ROAD,SAYVILLE,NY,11782,631-589-4747,4
fbfc7715-d270-3e8f-b97c-44f7fb719d17,FIRST CARE IMMEDIATE MEDICAL CARE,2360 GRAND AVENUE,BALDWIN,NY,11510,516-546-2266,177
