Id,ORGANIZATION,NAME,GENDER,SPECIALITY,ADDRESS,CITY,STATE,ZIP,UTILIZATION
da7d9d50-d4c2-4843-b471-0b8d4a66260d,9eb5bce7-4f23-31ca-b2c3-336d34198ed3,Noe500 Dibbert990,M,GENERAL PRACTICE,600 NORTHERN BOULEVARD,ALBANY,NY,12204,5839
ec835210-be4b-4767-bd54-9e400579ac69,5ff247c8-5951-3707-935c-a87444ebd47b,Mariam937 Gleason633,F,GENERAL PRACTICE,396 BROADWAY,KINGSTON,NY,12401,2146
b19a6ed4-936b-48cf-9aac-5ae8f2fec6e2,97640f80-f706-3f2d-8da6-1106b36f0eec,Dagny669 Schoen8,F,GENERAL PRACTICE,726 EXCHANGE STREET  SUITE 522,BUFFALO,NY,14210,16557
5e4ba2aa-59f1-49e5-9a2c-9fd085d3e6ab,fcd5df52-c1a8-3110-873e-64a32a0dd0bb,Tyron580 Torphy630,M,GENERAL PRACTICE,127 SOUTH BROADWAY,YONKERS,NY,10701,18877
bfedd107-1be9-46df-ac3e-cca08d7475f5,b0586c8f-3aac-3406-b7f4-c53784a34572,Loren192 Fay398,M,GENERAL PRACTICE,400 NORTH MAIN STREET,WARSAW,NY,14569,4126
d8a4272a-8a87-4bb3-8900-5584ec6d2f7d,c034006f-d67e-3fea-a821-33e076e9c23d,Antonia30 Stark857,M,GENERAL PRACTICE,169 RIVERSIDE DRIVE,BINGHAMTON,NY,13905,11886
5ddbe259-b05e-4063-bb47-c5d51c619797,fcbbab4a-5daa-3697-98db-19f3629463ee,Pandora807 Weissnat378,F,GENERAL PRACTICE,43 NEW SCOTLAND AVENUE  MAIL CODE 34,ALBANY,NY,12208,2480
5a9a094a-bc53-4720-8b5d-f745cd2495dc,36e398f3-cf38-360f-adf0-ffc2a82c77e2,Felicitas300 Kub800,F,GENERAL PRACTICE,89TH AVENUE AND VAN WYCK EXPRESSWAY,JAMAICA,NY,11418,3032
4e850a65-e353-4e15-b24c-6f72804c8b04,f209c003-bb38-3d3d-96f5-c3de8db63715,Isaac321 Upton904,M,GENERAL PRACTICE,45 READE PLACE,POUGHKEEPSIE,NY,12601,15284
5cda08ef-e043-4a53-b3ec-b8f04a99e34c,a9efa3d7-8a61-3bee-bb66-68a645df4f47,Keeley419 Yundt842,F,GENERAL PRACTICE,ONE GUSTAVE L LEVY PLACE,NEW YORK,NY,10029,2855
dc660a09-800b-4958-89c1-a973246f38b6,a0b5365b-a837-3e16-910a-ff6e0832be59,Annette105 Legros616,F,GENERAL PRACTICE,2201 HEMPSTEAD TURNPIKE,EAST MEADOW,NY,11554,2501
9518a84f-9b9f-4281-af4a-3fe3aa0f8016,6d1508ec-ceef-3e36-ba87-7ec3aef0707e,Del587 Williamson769,M,GENERAL PRACTICE,111 DRIVING PARK AVENUE,NEWARK,NY,14513,8137
750adb97-f281-4642-b762-11ceb4e8639d,f840e1ac-e130-36db-a828-d52221d2bb94,Erlinda993 Franecki195,F,GENERAL PRACTICE,179 NORTH BROAD STREET,NORWICH,NY,13815,1629
4ca7ff1a-2e63-4916-accd-b250e4270403,644aad40-b292-34a6-a26a-39a0b4b79a98,Maryjo280 Osinski784,F,GENERAL PRACTICE,1656 CHAMPLIN AVENUE,UTICA,NY,13503,4564
92b753b0-4bf5-40fa-a9c9-97e0dd65c23f,50434123-7309-3024-beff-045cb68bf87f,Lloyd546 Effertz744,M,GENERAL PRACTICE,270 PARK AVENUE,HUNTINGTON,NY,11743,703
bbc27425-7197-4f9c-abff-11fb222d8b7b,3a4177c5-16ee-3c0b-9788-6b6fd9fe0f37,Giovanni385 Greenfelder433,M,GENERAL PRACTICE,1000 TENTH AVENUE,NEW YORK,NY,10019,3657
c59d48d6-987e-459c-8ca2-a28494b9ef2c,451a9abb-6ea5-3fa2-912c-9d5ecd22623c,Barry322 Nicolas769,M,GENERAL PRACTICE,427 GUY PARK AVENUE,AMSTERDAM,NY,12010,2490
8b6879f9-2a11-4b3f-988d-01fadc48c61f,0fb2e095-d284-36d3-bb0f-e245d69369cd,Janean397 Walsh511,F,GENERAL PRACTICE,6511 SPRINGBROOK AVENUE,RHINEBECK,NY,12572,5874
647b845d-49b2-4104-9c7c-b06452f1caad,4435d57a-63f1-3770-9967-e65759fafae8,Vernetta697 Gaylord332,F,GENERAL PRACTICE,56-45 MAIN STREET,FLUSHING,NY,11355,2422
ac0c63da-2be5-4836-a618-ee29f0f5d9f4,cebc05f7-88ba-373e-9de1-daf92aa6202c,Ignacio928 Towne435,M,GENERAL PRACTICE,315 SOUTH MANNING BOULEVARD,ALBANY,NY,12208,4371
3d5b5e4a-afda-4f2a-aa41-439f43605647,0df03e6e-c5de-3d1e-ae78-07e198691c18,Cecil300 Wisozk929,F,GENERAL PRACTICE,196 -198 NORTH STREET,GENEVA,NY,14456,213
f2b25186-c563-4dce-840b-37936773cc87,548eb756-21c5-37a0-8458-6fdca30f6b04,Peggie783 Bradtke547,F,GENERAL PRACTICE,111 EAST 210TH STREET,BRONX,NY,10467,80
28166887-4b62-4ed0-a846-a6af29225956,fd588fee-9201-338e-b1a4-3117c81d4905,Lane844 Jacobi462,M,GENERAL PRACTICE,55 PALMER AVENUE,BRONXVILLE,NY,10708,13
b70b4d8c-3449-4cf7-8e79-40392cc93f60,3e387a7c-0358-3116-9981-1086bbbf00a9,Carol737 Weimann465,F,GENERAL PRACTICE,621 TENTH STREET,NIAGARA FALLS,NY,14302,21905
4879a47b-85d2-4e7c-8b43-611a49647a72,ec376a08-efaa-336b-8eca-c86565ee1f97,Jonah176 Schroeder447,M,GENERAL PRACTICE,127 NORTH STREET,BATAVIA,NY,14020,1833
fb558e6f-ac00-4ea8-9c3f-7c64f2ee7b06,69994e40-266f-39a9-b34c-a40e639ad34f,Miquel905 Hettinger594,M,GENERAL PRACTICE,350 PARRISH STREET,CANANDAIGUA,NY,14424,6160
7092515c-a419-413b-b5fb-8e2ada3afdbe,721a43a9-65f9-3543-b7b7-67efb46a6fab,Sara501 Angulo494,F,GENERAL PRACTICE,2157 MAIN STREET,BUFFALO,NY,14214,3579
244079de-3006-4c85-9e43-3c83dc6db103,0119f8d8-6ddc-38f8-9e66-c5424b7f545d,Shonta375 Sanford861,F,GENERAL PRACTICE,2233 STATE ROUTE 86,SARANAC LAKE,NY,12983,3263
e48c3ca1-d1af-42ad-a8d6-9d64c9a79753,702738fc-d861-3e8c-a7b4-821b27daf3d7,Harrison106 Blick895,M,GENERAL PRACTICE,234 EAST 149TH STREET,BRONX,NY,10451,189
9151fac4-7855-40e2-877e-df91782620d7,1dd87848-6c1b-3fc3-8ae7-597604d5f66c,Dolly486 Morissette863,F,GENERAL PRACTICE,133 PARK STREET,MALONE,NY,12953,1157
6080402f-29ef-4b92-a9c3-f6f9faa27108,d3228c41-8934-34b8-8155-07126e031f23,Samuel331 Predovic534,M,GENERAL PRACTICE,ONE NORTON AVENUE,ONEONTA,NY,13820,447
62e5d015-0a66-46e6-8154-64af17eeab21,2817713f-787b-34e4-849a-1ffa082dc58a,Macie339 Bauch723,F,GENERAL PRACTICE,12 NORTH 7TH AVENUE,MOUNT VERNON,NY,10550,7622
c3d24801-1926-44f5-8f88-585ccd4ef041,c2ba828b-41f8-3213-bd79-70e7dbd73cbd,Jeri234 Hansen121,F,GENERAL PRACTICE,201 MANOR PLACE,GREENPORT,NY,11944,5303
45f1ea7b-9700-44dc-af94-2b0e6fad520e,a395c700-3eb0-3633-8a86-0120da045478,Wynell591 Olson653,F,GENERAL PRACTICE,600 ROE AVENUE,ELMIRA,NY,14905,3700
27e0fba9-9832-4549-9210-8b48b61e15c6,2860951c-0064-38b4-adb8-44a244e0cd1b,Shauna908 Lindgren255,F,GENERAL PRACTICE,71 PROSPECT AVENUE,HUDSON,NY,12534,2058
6db76b70-deaf-4a68-becf-7ab9bb1124d7,c03f44ee-0156-3057-bcad-7d0dca80702f,Rex53 Bode78,M,GENERAL PRACTICE,191 NORTH MAIN STREET,WELLSVILLE,NY,14895,1672
e08f0502-9c45-44b2-bf4f-4ab87fdcf8ce,b4ee9552-3bc5-3d85-b50a-88ce815db853,Deidre679 Hoeger474,F,GENERAL PRACTICE,230 SECOND AVE,NEW YORK,NY,10003,4106
4197b6db-5f48-49d4-ab16-58c003d1802f,ec740b94-b936-3485-bf3d-326563c0ed37,Rebecca981 Labadie908,F,GENERAL PRACTICE,525 EAST 68TH STREET,NEW YORK,NY,10065,1877
54c80378-d08c-49a8-bca5-f76002ddb712,21c270ff-6dcc-3b15-bb94-925012ff21be,Andre610 Schneider199,M,GENERAL PRACTICE,2950 ELMWOOD AVENUE,KENMORE,NY,14217,9214
3dd16c5c-c98a-432a-9673-6486cdff8f09,0c591cb5-4476-3928-9ad1-838f889a9a91,Charisse42 Heathcote539,F,GENERAL PRACTICE,515 MAIN STREET,OLEAN,NY,14760,1318
e86b5cb6-9046-48c2-9542-6d229ee61f25,7a742e58-4b7b-339a-bec7-4cd6bc0d9e5b,Josefina523 Moreno82,F,GENERAL PRACTICE,160 NORTH MIDLAND AVENUE,NYACK,NY,10960,3104
9244c1e1-8813-4633-b9d7-4791b38c9b1e,b1436055-17d5-3d34-8eb0-efa59f09d24d,Cedrick207 Runte676,M,GENERAL PRACTICE,300 COMMUNITY DRIVE,MANHASSET,NY,11030,6432
6897828e-9bbc-43ec-b0e2-117d92bfae57,bad2e39b-5482-3cb6-b47f-74a564ff678a,Georgann131 Beer512,F,GENERAL PRACTICE,1300 ROANOKE AVENUE,RIVERHEAD,NY,11901,2969
06c6fe76-1bde-4488-9702-83c451b98376,d9569ef0-9778-34cb-87ca-8de97f0daf32,Blake449 Deckow585,M,GENERAL PRACTICE,555 ST JOSEPH'S BLVD,ELMIRA,NY,14902,4431
bda506ea-a63e-4655-a3e5-6a677bd6f8ea,d435e17c-a7d0-310c-ae1c-d4eaa6cbd7ff,Monica757 Kshlerin58,F,GENERAL PRACTICE,224 EAST MAIN STREET,SPRINGVILLE,NY,14141,4083
0694991c-7029-48a9-a340-8237fee97c9a,1d2cb751-a306-35ad-ad9d-9c0be4e80cae,Johnson679 Schmitt836,M,GENERAL PRACTICE,321 GENESEE STREET,ONEIDA,NY,13421,3032
d448c709-4104-42f1-b4b7-32d4df0842a8,ef2b8363-b334-3e59-841d-008d803bbc69,Elroy493 Brakus656,M,GENERAL PRACTICE,100 EAST 77TH STREET,NEW YORK,NY,10021,2782
11979b1d-e4ae-48ff-899a-9e9e17c2d18a,c96ef256-b0df-3ad8-8b94-f4141affca62,June482 Kassulke119,F,GENERAL PRACTICE,1425 PORTLAND AVENUE,ROCHESTER,NY,14621,8235
47487a38-0142-4424-bc68-ed4a7ff5dba0,3da91f37-80c8-3bbd-8e0e-1a53ed37c382,Elizbeth263 Ratke343,F,GENERAL PRACTICE,707 EAST MAIN STREET,MIDDLETOWN,NY,10940,3264
97e7108e-e1ba-4abc-8889-cb00fea0cc1f,50f2fabd-49df-311e-9428-14feaa696b09,Asa127 Conn188,M,GENERAL PRACTICE,79-01 BROADWAY,ELMHURST,NY,11373,2892
aeafe140-4ede-402b-89c4-0dd728fb9e65,c7c4ad61-7465-3994-a8df-f556b2887087,Magdalena964 Garay400,F,GENERAL PRACTICE,845 ROUTES 5 AND 20,IRVING,NY,14081,3193
8f900bf7-8fd8-4131-b51f-84675165c9dc,6075b7cb-9ef1-3f26-95a1-1c3f0917b8f2,Albina13 Rosenbaum794,F,GENERAL PRACTICE,160 EAST MAIN STREET,PORT JERVIS,NY,12771,2158
d84e9ff2-25e8-4152-b423-f96d3df50371,597452d1-0535-33e4-aea5-6d5aaa0a0fec,Lilliana632 Brakus656,F,GENERAL PRACTICE,ONE ATWELL ROAD,COOPERSTOWN,NY,13326,1744
09af97b7-5cd1-4da7-b030-2a46a7f40243,55d12720-ab2f-3eb1-b288-450e2549ecd0,Waldo53 Deckow585,M,GENERAL PRACTICE,301 PROSPECT AVENUE,SYRACUSE,NY,13203,5378
87410598-ab3a-495a-852d-006084e4db2a,e9e7f38d-b4e7-3e89-9c59-bd0d2f491ab3,Levi940 Reichert620,M,GENERAL PRACTICE,101 HOSPITAL ROAD,PATCHOGUE,NY,11772,2566
8116ef8c-7a76-46d4-9364-8e24a5d89858,cfa29e2c-e5ea-3a0f-ad29-34cc35365314,Terrance440 Schultz619,M,GENERAL PRACTICE,7571 STATE ROUTE 54,BATH,NY,14810,2376
41a3b6b9-2d3f-4f3a-a030-112f0d5f4352,684e71f5-abcb-3170-84a6-ef4bd60d571d,Aubrey96 Corkery305,M,GENERAL PRACTICE,411 CANISTEO STREET,HORNELL,NY,14843,1717
70f4f999-c53a-4764-9cb4-f4a3cc8864dd,ce29ad65-2dd4-34f9-8761-19badbbd2d31,Carlotta746 Kerluke267,F,GENERAL PRACTICE,1101 NOTT STREET,SCHENECTADY,NY,12308,10845
927ebe15-4557-404b-b030-fe90f91508c1,366b7a84-aace-3d05-8319-61ae8d41ad39,Sylvester827 Mann644,M,GENERAL PRACTICE,830 WASHINGTON STREET,WATERTOWN,NY,13601,8661
60862ecd-b328-4929-9b3f-4c0c4a2e5bec,bef27ebd-883c-34b6-9da9-f9e2f6c59b3c,Mickey576 Streich926,M,GENERAL PRACTICE,255 LAFAYETTE AVENUE,SUFFERN,NY,10901,15324
52039203-dc4a-4eed-bff8-63c6a1b8ec82,175bb6c5-cf40-3a92-93a4-8d8ab0a0b460,Tifany477 Kuhic920,F,GENERAL PRACTICE,400 EAST MAIN STREET,MOUNT KISCO,NY,10549,21609
2c9a7883-79d8-4fc2-bf53-43292189416c,59952c0f-9ebf-3c90-b47f-65bde3e733de,Kathern391 Simonis280,F,GENERAL PRACTICE,521 EAST AVENUE,LOCKPORT,NY,14094,17201
52c23331-165f-4a21-b716-e627c1788ce6,f791dfa4-9754-33c6-9d00-5c779d8ec2be,Arnulfo253 Carter549,M,GENERAL PRACTICE,1000 SOUTH AVENUE,ROCHESTER,NY,14620,9248
f92069c2-eebd-4013-9b24-580bb3a8cf82,22a8d163-e5f0-30e5-8274-9ca9279e97b7,Sherie778 Kirlin939,F,GENERAL PRACTICE,189 EAST MAIN STREET,WESTFIELD,NY,14787,1345
10d52ee2-fe1e-4444-9dd4-40596c610740,184738f2-af0e-3075-aba0-79e8054a723a,Maura912 Littel644,F,GENERAL PRACTICE,259 FIRST STREET,MINEOLA,NY,11501,6638
3310d459-614f-442b-9125-9b9f10fef497,7396833a-c3a9-3255-b781-6b9b6d0ba860,Delma583 Stracke611,F,GENERAL PRACTICE,FIRST AVENUE AT 16TH STREET,NEW YORK,NY,10003,3323
692e1478-9315-47f8-810a-f4684247d86b,873ab70e-26a8-362e-8015-bd5f9d88c252,Amira620 Cruickshank494,F,GENERAL PRACTICE,134 HOMER AVENUE,CORTLAND,NY,13045,11413
bc9a59b9-7fd9-4c7f-8db9-8940b443f8af,c181a14c-aee9-3305-ac88-9ddb32f7b2fd,Luther918 Grant908,M,GENERAL PRACTICE,2215 BURDETT AVENUE,TROY,NY,12180,7086
e53a4c70-c605-45f3-8054-b73db9426d21,ff4988f1-4194-3f9b-8c02-997ec1a2824c,Hal307 McGlynn426,M,GENERAL PRACTICE,101 ST ANDREWS LANE,GLEN COVE,NY,11542,3330
5a87c961-ea6e-4f3e-a008-cff628cfeee9,ff06fc50-b7e8-35d6-946c-c1fdc0db02ff,Victoria535 Champlin946,F,GENERAL PRACTICE,100 PORT WASHINGTON BOULEVARD,ROSLYN,NY,11576,3329
2319a86b-7614-4953-a99e-0e890d004ac8,fff0b124-03ed-3e45-99e4-5f5687890345,Serina556 Adams676,F,GENERAL PRACTICE,16 GUION PLACE,NEW ROCHELLE,NY,10802,8638
9316323c-946b-4294-9859-277d27acd57c,182cb358-80df-318e-a054-04be5b2fb81e,Isaura563 Lynch190,F,GENERAL PRACTICE,75 NORTH COUNTRY ROAD,PORT JEFFERSON,NY,11777,147
f48a88d6-02e9-4057-be38-8b84e7705817,6ce842b4-c5f4-3200-9002-a49f1fbaa42f,Danielle72 Stamm704,F,GENERAL PRACTICE,5300 MILITARY ROAD,LEWISTON,NY,14092,658
0d008522-8d7b-42de-b515-4a910b3072b9,8c661a40-4929-3428-8260-257da85185fe,Phylis163 Witting912,F,GENERAL PRACTICE,100 PARK STREET,GLENS FALLS,NY,12801,7842
75e72186-3472-47e2-82ed-24edb71b23b6,42c12d79-1222-3b0f-ab79-9bf7bd698ac2,Lina528 Glover433,F,GENERAL PRACTICE,45TH AVENUE AND PARSONS BOULEVARD,FLUSHING,NY,11355,1487
8d54f97a-4715-4948-9965-3a9dd1120d3d,d08ec2fd-4c52-3429-ac63-33cb37117695,Tyisha680 Toy286,F,GENERAL PRACTICE,270 - 05 76TH AVENUE,NEW HYDE PARK,NY,11040,2581
f38800e2-1388-4af6-b178-7ae3ec427de8,8dd063f8-70fb-3387-b04f-214d114c78ef,Jody426 Gutmann970,M,GENERAL PRACTICE,50 LEROY STREET,POTSDAM,NY,13676,2617
5f7c2478-8be7-48e5-8a06-57b2692859cb,bce7fc7c-7445-3875-952b-f43d75abbf58,Michale231 Steuber698,M,GENERAL PRACTICE,ONE HEALTHY WAY,OCEANSIDE,NY,11572,6962
7ae746f8-9b32-4311-a048-a43bc0776321,2ccdcb91-eef7-3560-b7b7-416a6bbfb1be,Micheal721 Rempel203,F,GENERAL PRACTICE,1901 FIRST AVENUE,NEW YORK,NY,10029,3524
ad5eccf0-850f-42fa-9a36-12db04efaabe,005fc272-fed5-37af-8253-8c625efbfe91,Weston546 Price929,M,GENERAL PRACTICE,736 IRVING AVENUE,SYRACUSE,NY,13210,5370
a49f6b18-d707-4b79-b21e-dacb6bd07458,b76f8969-e884-3e9b-b008-c139ba47420c,Paul232 Zulauf375,M,GENERAL PRACTICE,462 FIRST AVENUE,NEW YORK,NY,10016,3290
2c5d18b4-af3c-44bb-ba5a-4c8d926f11eb,3ae7e7d4-1e52-3322-813f-5e9dfd4a291a,Angila948 Hamill307,F,GENERAL PRACTICE,15 - 19  MAPLE AVENUE,WARWICK,NY,10990,2474
d2c1be6f-c06e-48da-8d1f-745393c6bf82,96566e42-523c-32e9-821a-a585957cfe14,Shea825 Jenkins714,F,GENERAL PRACTICE,976 NORTH BROADWAY,YONKERS,NY,10701,14478
bfb15cf2-9c13-474c-99f4-d9c5b219ca88,5d3d508b-9254-333f-b29c-954e765b3bb6,Jannet618 Roberts511,F,GENERAL PRACTICE,214 KING STREET,OGDENSBURG,NY,13669,820
faa51e1e-ad61-46a1-b604-18c82cead77c,6d0f4470-fd4c-3347-9598-b7e3e0ce67b0,Carl856 Bartoletti50,M,GENERAL PRACTICE,550 FIRST AVENUE,NEW YORK,NY,10016,3463
58e9792a-f568-4f72-b9c8-b15cd3d12d98,6c45e2c5-1349-347e-b1df-94dc4ecc6693,Arturo47 Cabrera242,M,GENERAL PRACTICE,1500 NORTH JAMES STREET,ROME,NY,13440,9284
abec837f-7b91-4014-863b-b487385c9ca3,41c4b0ba-b392-3807-b6de-19372c0d0844,Andrés117 Mesa630,M,GENERAL PRACTICE,110 WEST SIXTH STREET,OSWEGO,NY,13126,5724
ac6d9599-67b4-4732-b8a5-53a2bff1a7b7,9c27526b-44b7-3e52-ad01-52b1b3405f59,Sofia418 Menéndez746,F,GENERAL PRACTICE,462 GRIDER STREET,BUFFALO,NY,14215,17395
37f8eaae-a826-451c-be93-0a3f31124b40,dea330e4-96d2-3413-b56b-0f4b740b9955,Lamonica504 Johnston597,F,GENERAL PRACTICE,211 CHURCH STREET,SARATOGA SPRINGS,NY,12866,9369
afe83e23-95e2-40d5-9416-4e6f22034f95,d9f24f42-ac0a-3076-9e09-e4b7b965af2c,Wilbert25 Quitzon246,M,GENERAL PRACTICE,1 HOSPITAL DRIVE,MASSENA,NY,13662,285
1aef79d5-6f0e-40ae-a3e7-625f6729b2d0,3351513f-1f7d-3461-899f-9b1c57d8221a,Carlton317 Bauch723,M,GENERAL PRACTICE,105 MARY'S AVENUE,KINGSTON,NY,12401,2184
e101dec6-def1-473e-a944-818229366ae7,d759ebbd-8830-32c2-a80e-242a03a32125,Laticia649 Harris789,F,GENERAL PRACTICE,1555 LONG POND ROAD,ROCHESTER,NY,14626,9657
2112d1b8-78b7-4d7c-9f14-2c7fc70c8f84,9cfedb9b-9287-3cf2-b83c-09518c300b32,Billye739 O'Hara248,F,GENERAL PRACTICE,529 CENTRAL AVENUE,DUNKIRK,NY,14048,2359
66afc8ff-05d1-4d73-a970-1af84961446b,eca0c5e6-abde-3019-9367-d73924492128,Danny396 Wilderman619,M,GENERAL PRACTICE,82-68 164TH STREET,JAMAICA,NY,11432,2738
53d770c3-2ee5-4303-9fb8-b724ce02dd57,bf22a94f-e621-35a5-8916-1cbfb998902d,Kaley842 Blick895,F,GENERAL PRACTICE,1300 MASSACHUSETTS AVENUE,TROY,NY,12180,14956
9eb20ffe-9eae-4fc9-8c84-51e8babad0b8,e9eeb2af-e797-38c3-988b-5b3f8f8bae07,Enrique929 VonRueden376,M,GENERAL PRACTICE,100 WOODS RD,VALHALLA,NY,10595,362
11771931-2461-4e61-9d63-43505f99f368,6a3f3dc5-82da-3c93-8d07-a9395cd70a65,Mark765 Schamberger479,F,GENERAL PRACTICE,17 LANSING STREET,AUBURN,NY,13021,5770
3ad35cd4-de17-4ba2-97bf-5349321ca3b0,4a956cd4-6dc1-3963-8dd5-7d8ed2350431,Arden380 Murphy561,M,GENERAL PRACTICE,111  CLARA BARTON STREET,DANSVILLE,NY,14437,4122
3462931e-11fd-489b-b26a-061b09ea0aa5,77598ae8-aff4-374f-948c-82ada31e3491,Lisbeth69 Romaguera67,F,GENERAL PRACTICE,207 FOOTE AVENUE,JAMESTOWN,NY,14701,3171
b76cd9e6-c226-4e83-a833-44a4b2c252e5,c627ce5c-3f52-3889-95ba-b5cfdbb2376b,Iraida50 Becker968,F,GENERAL PRACTICE,506 LENOX AVENUE,NEW YORK,NY,10037,4889
98fba5a2-5f76-45d0-aa6f-7417e20dd953,a8be83b8-332d-30d8-a3f8-c885cbb2a083,Valene773 Medhurst46,F,GENERAL PRACTICE,750 EAST ADAMS STREET,SYRACUSE,NY,13210,6925
1e11649f-9568-4670-ba87-13e01e8f6ef9,ef93b288-10ed-3dcd-937f-9898fbc488f9,Princess223 Pacocha935,F,GENERAL PRACTICE,2209 GENESEE STREET,UTICA,NY,13501,8030
46f7cddf-6db5-4262-b24a-acb74588d8f4,324e379e-9f03-3a79-acf5-7682286b2290,Jerry654 Schneider199,M,GENERAL PRACTICE,200 BELLE TERRE ROAD,PORT JEFFERSON,NY,11777,1649
41fe454b-bd7c-4fb8-b81d-d02ef7cff73c,7d4874e2-da85-3810-90a2-16b692fd6489,Randolph418 Botsford977,M,GENERAL PRACTICE,75 BEEKMAN STREET,PLATTSBURGH,NY,12901,4949
6f0139d4-34df-47eb-b686-751bbb8e22ae,b5324d6c-a7fb-3edf-9ae2-628637f773f4,Tyron580 Oberbrunner298,M,GENERAL PRACTICE,1000 NORTH VILLAGE AVENUE,ROCKVILLE CENTRE,NY,11570,12981
8a21ccc3-1fbb-49e3-a462-43e316b1dd24,218ff148-e783-3516-8ed2-4cc8c4471a03,Lenna704 Larson43,F,GENERAL PRACTICE,701 NORTH BROADWAY,SLEEPY HOLLOW,NY,10591,1580
83f664e3-c07b-4c92-b437-fe4f55aec588,de4c0c3a-1c70-3832-a066-d8622a04f55f,Candelaria844 Beer512,F,GENERAL PRACTICE,70 DUBOIS STREET,NEWBURGH,NY,12550,17200
8e44c4e4-5553-4054-8802-0f86491fc5ae,23d690ce-038a-3eb2-939e-db54170db088,Maynard46 Hermiston71,M,GENERAL PRACTICE,2 COULTER ROAD,CLIFTON SPRINGS,NY,14432,2547
e507841e-e823-4dc3-9e4a-5f24674a0ba9,f261635a-e942-3810-bc5f-e25cc1ad07d6,María Teresa440 Tamayo777,F,GENERAL PRACTICE,1980 CROMPOND ROAD,CORTLANDT MANOR,NY,10567,4903
88eeb5f8-38c3-41a8-9a78-75f96eb3a0e2,df6f4802-7cef-33e7-b374-4b3e933dd024,Esta787 Sauer652,F,GENERAL PRACTICE,178 GRANDVIEW DRIVE,COBLESKILL,NY,12043,2624
68c31a49-1941-4358-9412-86f53e187b27,b27a49dd-a33e-396d-9b4b-5754ac545225,Sheryll569 Hammes673,F,GENERAL PRACTICE,535 EAST 70TH STREET,NEW YORK,NY,10021,3125
16966bc6-4f08-4883-a633-68d96613f22c,7c5269ee-e9dd-3d3c-b76b-5cf8e8e51ae2,Meaghan273 Dietrich576,F,GENERAL PRACTICE,670 STONELEIGH AVENUE,CARMEL,NY,10512,10101
90a78d9a-c2ae-4bfb-84a1-cc4fcedbcc0a,71dfe5fa-4d83-342c-9282-e495b02b197f,Denny560 Rodriguez71,M,GENERAL PRACTICE,99 EAST STATE STREET,GLOVERSVILLE,NY,12078,2918
d1153d07-8a5e-4483-85a2-d161bbb1ef26,d6aa991a-ac43-34f9-be75-37f62cb9b5f5,Jesse626 Barton704,M,GENERAL PRACTICE,1 GUTHRIE DRIVE,CORNING,NY,14830,2462
9e3735a6-29fd-4ebd-ad46-c0fb094674ca,9878301c-0501-3d91-ac80-f46fe6b8c91f,Avery919 Cummerata161,M,GENERAL PRACTICE,565 ABBOTT ROAD,BUFFALO,NY,14220,16479
16d5c02b-8dc8-4caa-878d-cb23da1878aa,6f510f47-a3ae-31fb-9d01-965d69f07273,Kamala553 Frami345,F,GENERAL PRACTICE,601 ELMWOOD AVE,ROCHESTER,NY,14642,10406
003bd9b8-50bd-4ae8-be60-6e9bc157d418,5722029f-c577-3d75-816c-f9dcf6c2de9b,Allyson474 Schaden604,F,GENERAL PRACTICE,1000 MONTAUK HIGHWAY,WEST ISLIP,NY,11795,6617
982ab7e3-65a9-4498-854a-1d8dfb44a8cb,429e858d-0e8f-3f98-a9ef-9b0f278ec952,Edgardo196 Bogan287,M,GENERAL PRACTICE,41 EAST POST R0AD,WHITE PLAINS,NY,10601,14393
98e919a2-8265-4bd1-b609-7c02217ef0e5,85487d69-8a40-342c-98c8-af28f26c14be,Warren653 Ebert178,M,GENERAL PRACTICE,101 DATES DRIVE,ITHACA,NY,14850,12974
3d25a969-100c-4516-8355-cd778eafebf0,e20b4271-a7c3-397b-85ca-25ea2cc3de15,Darcy899 Kuphal363,F,GENERAL PRACTICE,888 OLD COUNTRY ROAD,PLAINVIEW,NY,11803,1731
407cc7a8-1e43-42a8-b3d0-981367b43cb6,847d7fcc-fc00-3797-95c5-0659c8280c46,Ranee391 Bechtelar572,F,GENERAL PRACTICE,4295 HEMPSTEAD TURNPIKE,BETHPAGE,NY,11714,5173
9b81b5cc-845d-40ab-b95f-acca95bbed92,2ebafcec-535b-3112-bc7b-e6db4777c4e2,Lissette621 Walker122,F,GENERAL PRACTICE,240 MEETING HOUSE LANE,SOUTHAMPTON,NY,11968,99
32f83b24-f8fd-4d37-8800-f9d7192ff386,100f0e69-70fb-369a-9eaf-9a99a8612e13,Burt293 Ruecker817,M,GENERAL PRACTICE,3424 KOSSUTH AVENUE & 210TH STREET,BRONX,NY,10467,691
3bea48c9-f701-4582-9c0d-02b87712aa8f,afa3cfc1-2b1a-39c5-bef9-4c47e5ebf7ca,Rico947 Torphy630,M,GENERAL PRACTICE,68 HARRIS BUSHVILLE ROAD,HARRIS,NY,12742,4610
a05d5d62-1650-49c3-882e-ed128c2e1bde,f310d253-d290-303b-8efb-71afb7a458bc,Flor713 Dibbert990,F,GENERAL PRACTICE,1230 YORK AVENUE,NEW YORK,NY,10021,2966
7ce03b37-def2-4830-babf-28d108e80f25,95012761-9957-3b15-96de-f3ecc3645849,Stephenie799 Lakin515,F,GENERAL PRACTICE,HEALTH SCIENCES CENTER SUNY,STONY BROOK,NY,11794,864
27affc30-f5f5-4fa4-9cd8-54bcff4a0e15,df8fab28-4ec9-3a17-bcdc-07fb08ef3422,Harley673 Moen819,M,GENERAL PRACTICE,10-42 MITCHELL AVENUE,BINGHAMTON,NY,13903,7785
2977da12-8619-4d86-b995-573b627c0598,b11139ad-2a4c-3644-9988-5864e2dc90b4,Vicente970 Torres807,M,GENERAL PRACTICE,327 BEACH 19TH STREET,FAR ROCKAWAY,NY,11691,10602
af1c594a-cfd7-4c88-9994-90c5c93a4a16,a8f15711-bee2-3051-b886-6913e3c2a3df,Elvin140 O'Conner199,M,GENERAL PRACTICE,4422 THIRD AVENUE,BRONX,NY,10457,358
d7047787-ac41-44f2-8578-ed03fdbfd8de,aa83f6d8-84a2-366b-85d4-0cc4c2c099f3,Wallace647 Dicki44,M,GENERAL PRACTICE,50 ROUTE 25A,SMITHTOWN,NY,11787,1148
97f77135-dca4-4e2a-b143-838f8ac3b7dd,b3a025db-cc0b-3487-8310-d448973bf0e4,Oswaldo857 Glover433,M,GENERAL PRACTICE,435 EAST HENRIETTA ROAD,ROCHESTER,NY,14620,13521
4f4dd2bd-e872-406b-80f2-9de75d5293c7,ed02c793-d6b9-31cc-9942-d45a296f3a63,Isabela97 Benavides239,F,GENERAL PRACTICE,51 NORTH ROUTE 9W,WEST HAVERSTRAW,NY,10993,8358
4f95df8d-1134-41b3-901c-8c62ef83625f,1d548bfa-d1de-3aa0-aacf-6e75c9f26139,Denita497 Turner526,F,GENERAL PRACTICE,1270 BELMONT AVENUE,SCHENECTADY,NY,12308,10377
9785b072-2548-42f4-b661-13e25a128bae,e085ceb8-63c6-3864-a2c4-29c0a2bdaa65,Samual455 Feil794,M,GENERAL PRACTICE,43 WEST PEARL STREET,SIDNEY,NY,13838,242
08e9e674-168c-4012-b05f-60bcadba8de6,c595078b-b824-341e-bed2-0bf17ffd16af,Chang901 Hansen121,M,GENERAL PRACTICE,2215 BURDETT AVE,TROY,NY,12180,5379
55cfff1d-5cd9-4bf8-9787-889844d54944,bd1fad51-2046-3e24-b278-b6a6417e892e,Richard937 Stroman228,M,GENERAL PRACTICE,140 WEST MAIN STREET,CUBA,NY,14727,1128
2fd4d401-71ce-489a-9a2b-0bf279d68ec9,f696aac7-26c3-3749-bb76-f4921ab83369,Voncile324 White193,F,GENERAL PRACTICE,75 PARK STREET,ELIZABETHTOWN,NY,12932,911
ba52f4ae-a668-4d90-b47a-488c79cdc23a,6c343102-6eea-3b30-8805-2494a7576e83,Lincoln623 Goldner995,M,GENERAL PRACTICE,8081 ROUTE 97,CALLICOON,NY,12723,7059
5c4245a7-2c84-41d6-9cde-fc5daa47345b,db6a72cb-72c0-371d-a4a9-7848b423f859,Gerry91 Marks830,M,GENERAL PRACTICE,42084 STATE HIGHWAY 28,MARGARETVILLE,NY,12455,13
fee74a5c-42ae-4f14-9e02-5ba7403007c5,6718d3ad-d106-3ac9-90a9-768672cabe12,Andres25 Bruen238,M,GENERAL PRACTICE,460 ANDES ROAD,DELHI,NY,13753,2087
7e31f569-dfae-4f95-87a2-c7ffd1fb8b1c,6fc60d9c-8287-3fb4-a63b-81b9d6ef9cd6,Manuela585 Verduzco998,F,GENERAL PRACTICE,1019 WICKER STREET,TICONDEROGA,NY,12883,6965
c6739c9f-161b-430c-a0f3-a70e0f7324ca,4569c37e-9948-364f-be38-20b05ffc583d,Jeremiah751 Leuschke194,M,GENERAL PRACTICE,1014 OSWEGATCHIE TRAIL,STAR LAKE,NY,13690,1368
eb333df0-b1ae-4faf-bbfa-3132c814c632,c833052e-4d83-3165-9dd3-fd3566f2a7a6,Rafael239 Senger904,M,GENERAL PRACTICE,4 FULLER STREET,ALEXANDRIA BAY,NY,13607,1223
12cebd95-a8b0-41d1-9731-fe5bd40db1a0,aec2a0a5-7e83-3e52-b8f2-453bd633a1c9,Karey608 White193,F,GENERAL PRACTICE,10 HEALTHY WAY,ELLENVILLE,NY,12428,9265
d9cfc5ba-9f5a-4f5d-9304-2b17de0e4b41,e8fafccb-4c28-35cb-84c8-fe16e6ea9b21,Deandre599 Franecki195,M,GENERAL PRACTICE,140 BURWELL STREET,LITTLE FALLS,NY,13365,2320
820fd129-532f-43b5-8caa-5bc8b63cd9db,159331ab-7996-35ed-a2e5-0e79397e046f,Shasta644 Marks830,F,GENERAL PRACTICE,1 TITUS PLACE,WALTON,NY,13856,4875
45cb519c-78f2-419c-9d75-39a428eb8e74,c6632f86-fd43-322e-9df1-867cf2234ab6,Matt836 Stroman228,M,GENERAL PRACTICE,220 STEUBEN STREET,MONTOUR FALLS,NY,14865,930
8789f6be-8be7-46c8-850e-8d01e8e856a7,3bf9c170-cec9-30a6-b329-ab86d1f3699a,Dannette613 Zemlak964,F,GENERAL PRACTICE,418 NORTH MAIN STREET,PENN YAN,NY,14527,1096
158162c7-0145-43fe-8a80-bf1bcb022f4e,2d1f076b-2c47-3257-8c93-6275642d846f,Alissa315 Goyette777,F,GENERAL PRACTICE,77 WEST BARNEY STREET,GOUVERNEUR,NY,13642,1414
56d4583e-c13a-4686-b8f6-245cadd5750f,16bf6418-9c8e-3add-ad05-e22e7b01c577,Loris321 Skiles927,F,GENERAL PRACTICE,150 BROAD STREET,HAMILTON,NY,13346,522
8ff95e93-1b05-4fe9-8775-7b2222860d33,44b1affd-5877-3891-acc2-3041ce2e4df0,Vito638 Rath779,M,GENERAL PRACTICE,7785 NORTH STATE STREET,LOWVILLE,NY,13367,1575
a4edd06a-bbf2-4de9-965e-7bb9959b8d54,8e4b693c-c63d-365f-8ed6-f844d211f083,Akiko835 Funk324,F,GENERAL PRACTICE,1001 WEST STREET,CARTHAGE,NY,13619,922
d53e9552-a34e-4db2-b288-fbc2c81248f4,7b34d52c-c2fa-35a7-91e4-e0c2b2b3c750,Savannah232 Lubowitz58,F,GENERAL PRACTICE,200 OHIO STREET,MEDINA,NY,14103,2370
a3c65553-2839-4201-beef-9e753c98967c,ed49b72a-29b1-3deb-8ade-f53cf1d539ce,Idell650 Padberg411,F,GENERAL PRACTICE,95 BRADHURST AVENUE,VALHALLA,NY,10595,378
e3e30444-29ef-46c0-b7e8-05dded239241,a9a082fa-fdf1-3d29-a894-ac222c62c156,Emilie407 Jakubowski832,F,GENERAL PRACTICE,2094 Albany Post Rd.,Montrose,NY,10548,1
6d182e43-98d0-40fa-9c41-64db41a5bb9e,07a33636-91b1-3b02-8078-4c5e3711c663,Kelle203 Lebsack687,F,GENERAL PRACTICE,2881 Church St  Rt 199,Pine Plains,NY,12567,1
32a10713-58f2-44b8-8b1c-d3bdd1a2e121,36931538-b758-3aaa-b8ff-58e4816b2941,Jene106 Kuhic920,F,GENERAL PRACTICE,84 Broad St.,Glens Falls,NY,12801,79
7cc3eb48-dc91-47ce-8b8e-6f64a418fce2,2188a760-a1d6-363f-ab33-426fb2d140ae,Nguyet780 Koss676,F,GENERAL PRACTICE,1234 Abbott Road,Lackawanna,NY,14218,47
098d7e35-2156-4641-887b-1bae258baaae,893f3fdf-a60a-3c42-a0b3-e3fa67a2a787,Major265 Predovic534,M,GENERAL PRACTICE,437 State Route 104 E,Oswego,NY,13126,36
93b3b8f1-50c3-45db-a0b4-b621747ec51a,691daf8b-d0d9-347e-b136-b871a195a719,Lera808 Crooks415,F,GENERAL PRACTICE,465 Westfall Road,Rochester,NY,14620,1
fe3df322-bab4-4cfd-a19a-e5c58906c906,b7376739-e2de-37b1-8e68-8fb5951c938e,Oretha285 Swift555,F,GENERAL PRACTICE,1346 Gerling Street  Sheridan Plaza,Schenectady,NY,12308,2
a22cdba5-a704-4ad3-a500-34efcec88b53,b1a89049-6ab4-33bb-bf4b-ef4ca0bc2a12,Willy639 VonRueden376,M,GENERAL PRACTICE,1451 Dryden Road,Freeville,NY,13068,98
6a72f961-4787-44c2-b1cd-2966cb96ef9b,0fe439e7-96bf-3565-8f38-6457ac09fdd4,Shelia548 Lowe577,F,GENERAL PRACTICE,99 South Central Avenue,Valley Stream,NY,11580,1
a1d94ad3-7cb0-4f50-b12d-11bf8bd95928,f8af8569-2275-3ec0-a920-9cacb7f97450,Fernande593 Mueller846,F,GENERAL PRACTICE,2372 Sweet Home Road,Amherst,NY,14228,30
87852630-93a8-4131-9720-6c12f20e8620,cb1edec6-49c6-3a3b-bbe9-f0e7d8b39799,Mellisa81 Adams676,F,GENERAL PRACTICE,210 Court Street  Suite 20,Watertown,NY,13601,3
4833eacd-dced-40ee-be9d-1f84b9d4c076,349a0fd1-42ee-32f2-b6c9-995e1d92c276,Margie619 Beatty507,F,GENERAL PRACTICE,1228 EAST MAIN STREET,RIVERHEAD,NY,11901,22
19705362-15f0-4f4a-b066-98b60eb69b43,86ff8e2d-007f-34e1-aa43-0f8309dfcf58,Tova870 Nicolas769,F,GENERAL PRACTICE,128 GLEN STREET,GLEN COVE,NY,11542,14
fddf1730-c571-4bcc-8269-0136f1a7de74,112e8d99-4cfd-316e-b3bd-80efcc6e438f,Dario75 Hermann103,M,GENERAL PRACTICE,1111 BROADHOLLOW ROAD,FARMINGDALE,NY,11735,27
2b30e368-3481-4010-9874-0e24974b3857,f5f9ddeb-6d7e-3dd8-a710-95023381ff06,Brett333 Bradtke547,F,GENERAL PRACTICE,55 EAST OLD COUNTRY ROAD,HICKSVILLE,NY,11801,14
f45588d3-74fb-4632-9e17-c884adf0628b,365b6d62-52cd-300f-af71-5e85281e7de6,Reginald96 Roberts511,M,GENERAL PRACTICE,104 FOREST AVENUE,GLEN COVE,NY,11542,21
5c3aee3e-cbd0-44de-938c-ef558921c412,fe89d64c-66c6-3b60-a7d5-c2b72729820c,Enedina292 Bartoletti50,F,GENERAL PRACTICE,1536 BEDFORD AVENUE,BROOKLYN,NY,11216,856
3ce2cedb-660c-4291-b6af-b3fb08db2f72,b68f628c-11ac-3ed6-8cb7-2a9874d1ef1a,Marvis190 Kling921,F,GENERAL PRACTICE,504 MONTAUK HIGHWAY,CENTER MORICHES,NY,11934,9
75345cfe-1871-4a7e-b2fe-55274c228dcb,c16f181e-0141-30aa-9238-aa8e6b05e20f,Clark193 Sanford861,M,GENERAL PRACTICE,631 LAKE AVENUE,SAINT JAMES,NY,11780,6
79c66666-b7ec-40d7-a779-ef4c6c530e61,048c39bc-52b7-3b21-b46c-5b282b748fb6,Albina13 Shields502,F,GENERAL PRACTICE,986 SUNRISE HIGHWAY,WEST BABYLON,NY,11704,1
51c5f962-feae-485f-adf2-1046004ad9c3,19f75a44-1e70-382d-a2ab-2eb674cf000c,Crystle668 Lindgren255,F,GENERAL PRACTICE,18 EASTWOOD BOULEVARD,CENTEREACH,NY,11720,2
474000aa-2b45-41b0-8000-820a60537f84,cb69b862-0725-3118-85a7-878fc04dec08,Paula289 Torp761,F,GENERAL PRACTICE,365 WEST JERICHO TURNPIKE,HUNTINGTON,NY,11743,21
b4c3cf3c-cd22-4bc9-9ea4-b6c68a9dc193,733fe909-c9b4-3069-88a0-60dc21244c3f,Letitia590 Wintheiser220,F,GENERAL PRACTICE,519 WEST JERICHO TURNPIKE,SMITHTOWN,NY,11787,20
54a123f1-669a-4d5b-b9a9-a257ac6d1900,122e2fc6-801d-3ec0-9cea-26247276595e,Jim478 Emard19,M,GENERAL PRACTICE,2099 NIAGARA FALLS BOULEVARD,AMHERST,NY,14228,449
222f5b0a-1cc2-4968-9d4d-e7f97f5369d8,ff2e1624-292b-34e7-a3cf-dfbb40201631,Barton704 Mante251,M,GENERAL PRACTICE,2226 PENFIELD ROAD,PENFIELD,NY,14526,443
e817c407-7da6-414b-a964-46463304510c,65fd007d-b35b-3226-a815-1f5fcac781a1,Saul605 O'Connell601,M,GENERAL PRACTICE,5700 WEST GENESEE STREET,CAMILLUS,NY,13031,180
58e5b104-20c8-4c9e-ae29-816b972a9304,c491e949-a5a9-3604-ae9a-4f37128c0653,Maura912 Moore224,F,GENERAL PRACTICE,1418 UNION AVENUE,NEWBURGH,NY,12550,42
51f27ac2-80fa-4a8f-8421-58d9a3dfa4ba,f0519ff2-3837-34ec-b84b-4d676757fd48,Katherine209 Tromp100,F,GENERAL PRACTICE,7518 SOUTH STATE STREET,LOWVILLE,NY,13367,29
6a961642-0eb7-4b2d-95e1-40b5b2da2084,b0261d32-ef91-34a8-aeb6-abfde2ce7ced,Amira620 Feeney44,F,GENERAL PRACTICE,155 WHITE PLAINS ROAD,TARRYTOWN,NY,10591,1686
43e133f3-3e47-45b8-9760-04cf7b592fdd,f42d49cd-f997-3e7d-848d-80b57594e949,Monte325 Hand679,M,GENERAL PRACTICE,8240 CAZENOVIA ROAD,MANLIUS,NY,13104,43
eed37788-f2bf-45e9-a805-f1ce981d1f24,6eef7951-e728-36b6-a9e5-1bc4bcd1ce07,Felix524 Streich926,M,GENERAL PRACTICE,588 NEW LOUDON ROAD,LATHAM,NY,12110,10
e674ac24-b6f6-43af-838d-652114b2165c,384176fb-18ff-3ed6-8442-bc2940efd60e,Debora709 West559,F,GENERAL PRACTICE,6161 TRANSIT ROAD,EAST AMHERST,NY,14051,226
b4a7ba80-8d63-494a-8dbf-0f46e883a590,b65d2176-195c-33a2-898f-5b3834ae969a,Robby860 Green467,M,GENERAL PRACTICE,1662 CENTRAL AVENUE,ALBANY,NY,12205,5
b8beed7e-337a-424a-bd3c-c13c7f88736a,25263d6c-6135-3de8-89c9-fca22666e917,Leigh689 Hills818,M,GENERAL PRACTICE,363 DELAWARE AVENUE,DELMAR,NY,12054,13
b6f07d10-1dcf-4071-8c5f-6a3ad6c3a0ac,50309c76-65fa-3f83-a912-dab7a13ff85a,Dennis979 Vandervort697,M,GENERAL PRACTICE,400 PATROON CREEK BOULEVARD,ALBANY,NY,12206,35
31f35cf0-6a4c-4140-bfc8-6a5a9ca25912,9dd11729-330c-320f-8102-e46f9f134191,Isaias604 Doyle959,M,GENERAL PRACTICE,120 GARDENVILLE PARKWAY WEST,BUFFALO,NY,14224,1014
10f7895d-0fe8-41dd-866d-4e00c5fc197b,62953d58-4345-33cf-a26f-1b06b1eb17dc,Kirstie385 Morar593,F,GENERAL PRACTICE,5100 WEST TAFT ROAD,LIVERPOOL,NY,13088,21
fd36eabe-a546-4a8f-b060-13efb5b21308,6b0f7f83-588e-3fb1-8852-6ee84844af55,Fiona703 Volkman526,F,GENERAL PRACTICE,739 IRVING AVENUE,SYRACUSE,NY,13210,83
14bd7f21-2a6c-4f09-a95c-3e90516b7549,9945f539-1057-3c66-9aa2-843a6f0a125b,Stephania967 Feest103,F,GENERAL PRACTICE,2727 HAMBURG STREET,SCHENECTADY,NY,12303,155
5d1ad755-182e-4743-924d-91ddf07c9900,fa141453-2b7b-3f25-98ed-3ef44f9a6841,Mirian768 Lesch175,F,GENERAL PRACTICE,276 ROBINSON STREET,BINGHAMTON,NY,13904,24
5417e5ad-349b-4ab3-8721-fc6956a7b665,41faaed1-0682-3e48-90d5-b4b0a3636d61,Eldon28 Okuneva707,M,GENERAL PRACTICE,11835 UNITED STATES HIGHWAY 9 WEST,WEST COXSACKIE,NY,12192,34
a9504ced-cfb7-4c3f-8512-99e4c3db5a60,09aa673e-2461-371f-b7ba-96a9e1f373c4,Arielle168 White193,F,GENERAL PRACTICE,1927 SARANAC AVENUE,LAKE PLACID,NY,12946,19
dca262d6-d041-4093-9955-a25e34522687,742a3ac9-fea0-39a9-a1a2-73d9c709d025,Beatriz277 Abrego412,F,GENERAL PRACTICE,1400 STATE ROUTE 300,NEWBURGH,NY,12550,61
62bc781b-ea17-47c3-a9ec-e675451a9cec,7652d6ec-8a19-327d-bcf2-28484969a9d2,Jerry654 Hilpert278,F,GENERAL PRACTICE,61 EMERALD PLACE,ROCK HILL,NY,12775,63
7210fb05-2e06-4c5a-8989-013291e5392e,a57d78b8-a3d3-3512-b05b-2ee3e36a3e5d,Rosina706 Effertz744,F,GENERAL PRACTICE,1302 EAST MAIN STREET,ENDICOTT,NY,13760,328
d60c029c-97a1-4dda-baf2-da7cb25a5da4,e822d6eb-cae3-3d05-89f1-c18f4064b946,Jazmin969 Heaney114,F,GENERAL PRACTICE,811 RIDGE ROAD,WEBSTER,NY,14580,7
01f6279d-1cb8-49f4-925f-a0080c319e5e,b4c06ef3-f403-341f-bb8d-92b59306d92e,Delfina519 Jones311,F,GENERAL PRACTICE,1129 COMMONS AVENUE,CORTLAND,NY,13045,71
be7b13d3-ff02-472c-9793-568ab6d6f45f,36a4256c-d4f2-3c82-9181-f5c48d9181c8,Charles364 Howe413,F,GENERAL PRACTICE,415 EAST MAIN STREET,ENDICOTT,NY,13760,40
34a2be12-43c8-4fee-9605-dc8c1938e913,151fbe55-cb4c-3355-a2d7-e8bf96e7929e,Vivan376 Padberg411,F,GENERAL PRACTICE,1989 STATE ROUTE 52,HOPEWELL JUNCTION,NY,12533,123
3ab00648-b4ef-4229-87a6-7b78cdb9bd62,52108906-37f4-39fb-a5c2-4d246a938b80,Laraine204 Aufderhar910,F,GENERAL PRACTICE,7616 TRANSIT ROAD,WILLIAMSVILLE,NY,14221,121
113ed114-5414-4fdb-9f9c-4a365d915692,619ef307-db42-3cf8-ad4a-937c841702d3,Marcelo725 Bradtke547,M,GENERAL PRACTICE,1530 UNITED STATES HIGHWAY 9,WAPPINGERS FALLS,NY,12590,513
646a992e-7437-417b-8951-0dd4772b9d43,5bde2a55-c9a8-3997-8fb1-edb4fc587513,Taneka590 Nikolaus26,F,GENERAL PRACTICE,711 TROY SCHENECTADY ROAD,LATHAM,NY,12110,6
57ff5e60-33f9-4fae-9c68-34ebe6a7ea0a,b570d0a3-aef4-34cb-b812-aa66e8743722,Nelda514 Weimann465,F,GENERAL PRACTICE,213 MAIN STREET,SALEM,NY,12865,231
148cd32d-ae01-4bc8-848f-0b4ebfec3bb3,e3708758-f4b4-350d-964c-aa1579fba3e3,Elanor679 Bergnaum523,F,GENERAL PRACTICE,1110 STATE HIGHWAY 55,LAGRANGEVILLE,NY,12540,37
c8051939-0d08-482b-a5e7-2d7cd7203620,bf455336-093e-31a7-8020-e0d1732e1142,Alfredo17 Herman763,M,GENERAL PRACTICE,1770 UNITED STATES HIGHWAY 9,CLIFTON PARK,NY,12065,22
0c5abf28-a474-4c60-8735-9add0e64d79d,94163c13-f955-3b25-ad10-f20aa3792f4e,Connie24 Pfannerstill264,M,GENERAL PRACTICE,1904 GENESEE STREET,UTICA,NY,13502,143
af4daaed-e59e-416f-b86d-7d8ca93ac425,d0cea739-9ecc-307a-a035-830ce36a3ef4,Kitty323 Sawayn19,F,GENERAL PRACTICE,739 STATE ROUTE 28,ONEONTA,NY,13820,30
ae4a0788-169a-4f33-9202-036b785cd723,6bb0343d-abfd-387f-8a62-064b47cd40c8,Laura391 Pabón228,F,GENERAL PRACTICE,3050 ORCHARD PARK ROAD,BUFFALO,NY,14224,205
909d8784-2b42-4cf0-9e71-1831eadd9f2b,db4bacc2-23d4-32aa-9818-39ed7546302a,Benito209 Anaya940,M,GENERAL PRACTICE,4250 ALBANY POST ROAD,HYDE PARK,NY,12538,69
09f26fc3-352d-4add-9b65-8af9862439f6,288131b0-6a02-3b46-8cc4-54fdf53960fe,Jamie386 Rogahn59,M,GENERAL PRACTICE,91 CHENANGO BRIDGE ROAD,BINGHAMTON,NY,13901,111
fa4607f9-eeda-43d2-b13b-ab8d9afa727e,fa8d14fc-0c78-3f02-ab34-d1bf85a64d0e,Dong972 Shields502,M,GENERAL PRACTICE,2554 UNITED STATES HIGHWAY 9,BALLSTON SPA,NY,12020,3
4bdbe4af-ca61-426f-b2bf-431671435542,25f68dfc-b137-3e08-8da1-b50e7bf02b84,Sabine292 Hills818,F,GENERAL PRACTICE,1160 CORPORATE DRIVE,FARMINGTON,NY,14425,79
31a09ada-7393-4ff2-926a-cb54bed5f1c6,eed40983-3f43-3ba1-b102-75087b74f100,Malena136 Koelpin146,F,GENERAL PRACTICE,687 LEE ROAD,ROCHESTER,NY,14606,952
75cd057d-b121-452e-a719-58e28d632f82,dcbd6a4c-3cec-3b79-a37c-64f9fa9d5f3f,Gabriel934 Schiller186,M,GENERAL PRACTICE,1850 BRIGHTON HENRIETTA TOWN LINE ROAD,ROCHESTER,NY,14623,98
889a73b1-18b3-4c42-a3b1-9aa6da0e4f86,3e8583c9-dfd1-359d-aeb3-866ae3ef3a0b,Manual570 Bode78,M,GENERAL PRACTICE,4103 MEDICAL CENTER DRIVE,FAYETTEVILLE,NY,13066,14
b109896d-6bac-4294-be94-7c8175460a44,0fa4c48c-cb7c-3674-a0e4-afc3f861b142,Emmanuel930 Kassulke119,M,GENERAL PRACTICE,800 CARTER STREET,ROCHESTER,NY,14621,34
beb85806-5543-4c2c-8440-a81a07ce0430,d85c5a7b-db72-3e67-8093-19ba17b4d87d,Hana676 Labadie908,F,GENERAL PRACTICE,155 CRYSTAL RUN ROAD,MIDDLETOWN,NY,10941,9
eaacc75c-6823-4e22-8801-1da39d04d932,5a831451-e9ad-31e6-accd-da3cc6c817e5,Thuy136 Bayer639,F,GENERAL PRACTICE,111 MALTESE DRIVE,MIDDLETOWN,NY,10940,16
e75d6104-681b-4326-b1f7-8f1dd4088773,cefc2271-325d-3ead-8a30-cc9690888fce,Josef103 Cassin499,M,GENERAL PRACTICE,1 HATFIELD LANE,GOSHEN,NY,10924,25
567e3b5a-632a-492b-9a6a-9b59bac6b02f,54a0bdc1-e06c-32ad-bfce-3d4025534468,Bobbie849 Krajcik437,M,GENERAL PRACTICE,1600 MOSELEY ROAD,VICTOR,NY,14564,8
4e4d683f-28a2-47e8-8d6a-0b3773f159b3,89810ecf-7471-3ce2-9dd6-a5b077e3904b,Cherryl901 Runolfsdottir785,F,GENERAL PRACTICE,15 INDIAN ROCK,SUFFERN,NY,10901,225
aae953e8-6569-4224-ac99-f4eb468d7541,bd36f9cf-1e23-39f8-a8f3-d3bb3b75ae72,Jonah176 Boyle917,M,GENERAL PRACTICE,11050 MOUNT BELVEDERE BOULEVARD,FORT DRUM,NY,13602,18
92eaf6af-5291-4c9e-bfe5-1070cd8d7764,77d5f7ec-c5ad-3bd1-b696-e2356c1edfef,Ron353 Dickens475,M,GENERAL PRACTICE,35 GILBERT STREET,CAMBRIDGE,NY,12816,4
337180ea-d361-45a5-9372-6dbfb7a93570,1c1df906-986f-3d8c-b2ca-2926a1c71292,Jamal145 Rempel203,M,GENERAL PRACTICE,76 NORTH GREENBUSH ROAD,TROY,NY,12180,1256
d94bcd36-d766-4b41-95e7-d7bef5417c03,2bc785a4-a130-3cd7-bdc7-d0c1d3b8b590,Tanisha724 Schowalter414,F,GENERAL PRACTICE,1182 TROY SCHENECTADY ROAD,LATHAM,NY,12110,7
f0565128-39e6-4e6d-8af6-85a1a05c132f,08add266-dc57-3d24-ad81-a5c25e7bbdea,Tuan998 Cremin516,M,GENERAL PRACTICE,354 BROADWAY,SARANAC LAKE,NY,12983,33
c1753537-cbe9-41f3-9b6c-c2fb6e82c1d1,bac46a08-bc0e-3e5c-9b17-4224402176bd,Eldora89 Feeney44,F,GENERAL PRACTICE,19472 UNITED STATES HIGHWAY 11,WATERTOWN,NY,13601,12
d6a58ba2-3fff-4b8a-8fa3-76387983c6cc,19250018-65f4-3285-9574-9981ccf294f1,Frederic454 Rutherford999,M,GENERAL PRACTICE,32 GENESEE STREET,HORNELL,NY,14843,236
5fe8f33c-3e0e-4184-b7c8-b4cf0edc1112,f19843f8-dfe8-300d-b563-1ceac09216ca,Cristy798 Donnelly343,F,GENERAL PRACTICE,21017 STATE HIGHWAY 12F,WATERTOWN,NY,13601,34
7a462d31-43e3-48cf-ad41-55b4c8693778,9b14f430-a558-3b6b-b3b0-4047ea3f85dc,Boris111 Kuhic920,M,GENERAL PRACTICE,10 ARROWOOD DRIVE,ITHACA,NY,14850,457
aaaeabd5-c790-4e7f-bb27-76ebf75d34b4,6e568298-e542-3de7-8691-7099c1038340,Bryon392 Schowalter414,M,GENERAL PRACTICE,2 PERLMAN DRIVE,SPRING VALLEY,NY,10977,136
600b9737-0f9c-4abc-bda0-4850d3e1cb5c,f72d2814-c8d6-3a6b-a5de-473deb63aeb3,Terry864 Towne435,M,GENERAL PRACTICE,123 CONHOCTON STREET,CORNING,NY,14830,307
3682f462-0de9-4a4e-8910-f9e7f5a58e95,b9df58c2-b68a-30aa-9709-26a31b0ac817,Kendall673 Keeling57,M,GENERAL PRACTICE,79 HAMMOND LANE,PLATTSBURGH,NY,12901,104
15b695ed-2543-42f0-b39f-33ddc6b23b9e,1ab582bc-bef5-381b-971f-e66940fa188d,Everett935 Rempel203,M,GENERAL PRACTICE,1 ASSOCIATE DRIVE,ONEONTA,NY,13820,3
2b7ae066-2faf-4649-a8b7-048a36060330,cd6aeb63-8200-31b1-b718-ccd624ed2451,Alberto639 Steuber698,M,GENERAL PRACTICE,222 STATE ROUTE 299,HIGHLAND,NY,12528,12
00684825-1a76-4bd8-8253-c47b4f30cacf,f94ba5eb-0e87-389c-bdd4-e3eb0c987c1f,Eddie505 Conroy74,M,GENERAL PRACTICE,40 HURLEY AVENUE,KINGSTON,NY,12401,50
31153915-1d33-4fdd-ad62-9b2a318f1c55,46f6d6c1-3aba-38ad-a6b4-071df792fbbb,Lacie818 Krajcik437,F,GENERAL PRACTICE,100 BROAD STREET,GLENS FALLS,NY,12801,6
31e0be51-3b9f-45f7-8f17-7a2683ab3593,844e00dc-ac8d-345f-b4a8-d2c73d5d862a,Otto672 Mann644,M,GENERAL PRACTICE,319 BAY ROAD,QUEENSBURY,NY,12804,38
32cda4c4-a312-4d19-8bda-3de1c2c5270f,6c991421-98a6-377b-a4e5-af031f91d375,Gilberto712 Breitenberg711,M,GENERAL PRACTICE,3040 STATE ROUTE 50,SARATOGA SPRINGS,NY,12866,387
008721fb-7ca3-4c22-9e9d-43047d847e91,65459e3a-d9dc-35eb-b275-2d0557658537,Clint766 Dibbert990,M,GENERAL PRACTICE,1 TALLOW WOOD DRIVE,CLIFTON PARK,NY,12065,18
81ed84df-b489-401a-9b27-00d269aa2e00,e3f8c7af-50d5-338c-a564-6856559310e6,Sanford861 Lehner980,M,GENERAL PRACTICE,91 PERIMETER ROAD,ROME,NY,13441,390
d0d0c648-3bb3-409a-a58f-511431416a79,e1393170-58ea-3f51-8a51-d4f3fc5763f9,Margarett339 Cremin516,F,GENERAL PRACTICE,598 COLUMBIA TURNPIKE,EAST GREENBUSH,NY,12061,11
3c6208c5-c4da-43ae-8de0-ac2032b64453,7242666f-cd8e-3030-b614-930851b46ca4,Jacques50 Friesen796,M,GENERAL PRACTICE,1729 BURRSTONE ROAD,NEW HARTFORD,NY,13413,207
9c93e7de-ca78-4553-8420-48bb83f415bd,2fdde499-5307-3922-84e2-f6776ebd3dd2,Lyndon118 McCullough561,M,GENERAL PRACTICE,130 CENTER WAY,CORNING,NY,14830,28
f7c12010-658a-4f1e-99cb-963f1b567848,f577d245-a9a6-3339-8217-e62ec0a51adf,Shu104 Strosin214,F,GENERAL PRACTICE,321 EAST ALBANY STREET,HERKIMER,NY,13350,20
55590120-334d-4414-9a6d-2f770773c568,3c6050df-dd36-3e7c-8cdd-554b62e64019,Jeffrey461 Eichmann909,F,GENERAL PRACTICE,2029 JERICHO TURNPIKE,NEW HYDE PARK,NY,11040,49
544bbd39-91ae-498a-85c8-7ad89c93bf7f,f1b4d0d2-1973-302c-8468-11fb3c29ab68,Franklin857 Greenholt190,M,GENERAL PRACTICE,150 PURCHASE STREET,RYE,NY,10580,55
5aa9705c-2e95-4e4b-8f95-329dbb01e5fb,de66e03e-5b46-3ab9-99a4-80389a19fd82,Cher186 Gerlach374,F,GENERAL PRACTICE,1620 FRONT STREET,EAST MEADOW,NY,11554,7
d8bc70a6-4c98-4099-8324-bca2ac46bf2d,596421a1-7df6-3f29-9cf8-56e24cd8a5b6,Terrance440 Thompson596,M,GENERAL PRACTICE,765 STATE ROUTE 25A,MILLER PLACE,NY,11764,126
00b0d794-c36b-45d0-9783-cc2d2f7f4495,9982348b-d47a-3921-bc80-708cfd0a9ecc,Dallas143 Witting912,M,GENERAL PRACTICE,465 WILLIS AVENUE,WILLISTON PARK,NY,11596,602
cb90401e-2959-4f5b-b30c-051862903b2d,b252b78c-db12-3b36-9b1b-c69e9ff3efc0,Sammie902 Langosh790,M,GENERAL PRACTICE,150 SUNRISE HIGHWAY,LINDENHURST,NY,11757,43
9e439eb4-2c04-4646-b16f-a50ffbb56cff,4e45b8c0-90b3-3257-841b-6d7bec6b1618,Ngoc221 McLaughlin530,F,GENERAL PRACTICE,210 WESTCHESTER AVENUE,WHITE PLAINS,NY,10604,396
072be01d-c1a7-48f2-865f-7c086d9bb96d,46eedf01-81cc-3c6b-b8f8-7a9cc526b26e,Johnette525 Mosciski958,F,GENERAL PRACTICE,3594 EAST TREMONT AVENUE,BRONX,NY,10465,135
7eb0dfef-3ba4-4658-a8d1-7bf7ad3557f1,89325b17-5564-3c24-8e5c-10ddd6fe2972,Lucia634 Galván169,F,GENERAL PRACTICE,2 MAIN STREET,HEMPSTEAD,NY,11550,20
4b88cf67-afda-4ef1-b51a-b45bf6723a8a,1ca64ed9-8eb4-31d0-ba7c-f1985e2647d4,Lera808 Graham902,F,GENERAL PRACTICE,210-21 NORTHERN BOULEVARD,BAYSIDE,NY,11361,6
cd88c275-012f-4e40-8679-27786b0f2985,c666be43-b663-3e27-89ec-c6e3d6beb5bd,Inés791 Macías944,F,GENERAL PRACTICE,365 BROADWAY,AMITYVILLE,NY,11701,11
fd162f8b-6eb0-4996-ae50-7f02aee2b0ae,03168a7d-609a-328e-b299-13247f908937,Yadira684 Walsh511,F,GENERAL PRACTICE,160 MIDDLE ROAD,SAYVILLE,NY,11782,4
40d1495e-688e-44f4-868d-76eaa554fd27,fbfc7715-d270-3e8f-b97c-44f7fb719d17,Wiley422 Abernathy524,M,GENERAL PRACTICE,2360 GRAND AVENUE,BALDWIN,NY,11510,177
